"ID","Age","Nationality","Overall","Potential","Club","Value","Wage","Preferred Foot","International Reputation","Weak Foot","Skill Moves","Work Rate","Body Type","Position","Height","Weight","HeadingAccuracy","Acceleration","SprintSpeed","Agility","Release Clause"
9273,30,"Turkey",66,66,"Göztepe SK","€475K","€7K","Left",1,2,2,"Low/ High","Normal","LB","5'10","161lbs",52,74,70,63,"€950K"
3569,20,"Poland",72,83,"Górnik Zabrze","€5.5M","€4K","Right",1,4,3,"High/ High","Normal","LCM","6'1","170lbs",51,78,85,71,"€8.5M"
6947,27,"Germany",68,69,"Willem II","€850K","€4K","Right",1,3,2,"Low/ Medium","Normal","LCB","6'3","181lbs",70,45,42,42,"€1.3M"
12589,21,"Spain",63,71,"AD Alcorcón","€475K","€1K","Left",1,3,2,"Low/ Medium","Normal","CB","6'2","172lbs",68,64,62,42,"€855K"
10568,27,"England",65,65,"Doncaster Rovers","€450K","€3K","Left",1,2,2,"High/ Medium","Normal","LB","5'11","159lbs",58,72,69,64,"€788K"
678,28,"France",79,80,"AS Saint-Étienne","€11.5M","€36K","Right",2,3,3,"Medium/ Medium","Normal","LDM","6'0","176lbs",61,74,69,73,"€22.7M"
162,23,"France",83,88,"FC Bayern München","€34M","€85K","Right",2,3,3,"High/ Medium","Normal","CM","5'11","179lbs",82,75,66,75,"€58.7M"
5757,28,"Curacao",69,69,"FC Ingolstadt 04","€1.1M","€14K","Right",1,3,3,"High/ High","Stocky","ST","6'3","198lbs",65,52,67,53,"€1.7M"
7790,28,"China PR",67,67,"Jiangsu Suning FC","€600K","€7K","Right",1,4,2,"High/ Medium","Normal","RB","6'1","172lbs",65,70,68,62,"€1.3M"
6671,22,"Republic of Ireland",68,79,"Portsmouth","€1.5M","€5K","Right",1,4,4,"High/ High","Lean","LW","6'0","170lbs",51,84,86,80,"€3M"
3960,30,"Argentina",72,72,"Tiburones Rojos de Veracruz","€3M","€8K","Right",1,3,3,"Medium/ Medium","Normal","ST","6'1","176lbs",77,65,65,60,"€5M"
18015,20,"Faroe Islands",50,64,"SønderjyskE","€60K","€1K","Right",1,3,2,"Medium/ Medium","Normal","RM","6'1","176lbs",41,67,58,68,"€113K"
10676,24,"Brazil",65,68,"Clube Sport Marítimo","€700K","€3K","Right",1,3,3,"Medium/ Low","Normal","ST","6'1","179lbs",63,59,63,60,"€1.5M"
6711,20,"Czech Republic",68,75,"Ajax","€1.3M","€6K","Left",1,3,3,"Medium/ Medium","Lean","RW","6'0","143lbs",42,84,84,89,"€2M"
17251,19,"England",55,68,"Walsall","€170K","€1K","Right",1,2,2,"High/ Medium","Lean","ST","6'0","165lbs",50,72,69,76,"€404K"
12998,20,"Portugal",63,72,"Rio Ave FC","€575K","€2K","Right",1,3,3,"Medium/ Medium","Lean","ST","5'11","157lbs",57,67,68,64,"€1.3M"
1780,31,"Wales",75,75,"Crystal Palace","€4M","€34K","Right",2,3,1,"Medium/ Medium","Lean","GK","6'6","198lbs",14,40,41,48,"€7.7M"
9745,29,"England",66,66,"Scunthorpe United","€650K","€4K","Right",1,4,2,"High/ High","Normal","ST","6'0","172lbs",65,55,63,62,"€1.1M"
6622,22,"Brazil",68,74,"Rio Ave FC","€1.2M","€4K","Right",1,3,4,"High/ Medium","Normal","RW","5'7","141lbs",62,86,90,90,"€2.8M"
14899,28,"Saudi Arabia",60,61,"Al Ahli","€170K","€4K","Right",1,2,1,"Medium/ Medium","Normal","GK","6'1","196lbs",18,49,43,39,"€302K"
17382,21,"Sweden",54,62,"Kalmar FF","€80K","€1K","Right",1,2,1,"Medium/ Medium","Lean","GK","6'6","183lbs",21,20,24,26,"€116K"
7954,27,"United States",67,67,"SV Darmstadt 98","€825K","€8K","Right",1,3,2,"Medium/ Medium","Stocky","ST","6'2","181lbs",78,53,53,54,"€1.3M"
8846,25,"Italy",66,70,"Cittadella","€700K","€1K","Right",1,3,2,"Medium/ Medium","Normal","LCB","6'0","165lbs",64,66,67,64,"€1.1M"
5666,27,"Saudi Arabia",69,69,"Al Hilal","€875K","€15K","Right",1,3,2,"Low/ High","Lean","CB","6'1","154lbs",71,68,66,55,"€1.5M"
5630,25,"Chile",70,71,"Universidad Católica","€1.7M","€6K","Right",1,2,3,"Medium/ Medium","Normal","RB","5'9","159lbs",58,81,77,71,"€2.5M"
2561,35,"England",74,74,"Manchester United","€1.3M","€39K","Right",1,4,1,"Medium/ Medium","Normal","GK","6'4","183lbs",14,52,46,56,"€2.5M"
1171,30,"Argentina",77,77,"Rayo Vallecano","€8.5M","€21K","Right",1,4,4,"Medium/ Medium","Normal","RCM","5'11","174lbs",64,67,73,85,"€18.7M"
523,31,"France",80,80,"Valencia CF","€13.5M","€45K","Right",3,3,3,"Medium/ Medium","Normal","ST","5'8","154lbs",67,86,85,81,"€28.4M"
8348,23,"Colombia",67,76,"Envigado FC","€1.2M","€1K","Right",1,3,3,"Medium/ Medium","Normal","CAM","5'6","146lbs",37,72,82,81,"€1.8M"
3737,25,"Ivory Coast",72,77,"Stade Malherbe Caen","€3.5M","€14K","Right",1,3,3,"Medium/ High","Normal","CDM","6'0","181lbs",67,63,65,66,"€7.2M"
12374,22,"Germany",63,69,"FC Hansa Rostock","€425K","€1K","Left",1,5,2,"Medium/ Medium","Lean","LB","6'0","176lbs",61,67,68,65,"€701K"
4591,30,"Romania",71,71,"Sparta Praha","€1.5M","€1K","Right",1,2,1,"Medium/ Medium","Normal","GK","6'0","161lbs",13,25,31,28,"€3.3M"
3158,24,"Denmark",73,76,"PEC Zwolle","€5M","€8K","Left",1,3,4,"Medium/ Medium","Normal","RM","5'11","139lbs",44,78,77,89,"€7.6M"
4491,26,"Switzerland",71,72,"FC Thun","€2.8M","€10K","Right",1,4,3,"Medium/ Medium","Lean","RM","5'9","150lbs",44,82,82,69,"€4.2M"
7479,21,"Slovakia",68,77,"Empoli","€1.4M","€5K","Right",1,3,3,"High/ Low","Normal","ST","6'0","172lbs",72,68,67,65,"€2.8M"
297,30,"Germany",82,82,"SV Werder Bremen","€21.5M","€45K","Left",2,4,4,"High/ Medium","Normal","ST","5'11","168lbs",63,69,67,74,"€36.6M"
286,30,"Brazil",82,82,"Shakhtar Donetsk","€21M","€1K","Right",2,3,4,"Medium/ Medium","Lean","LM","5'8","141lbs",56,93,91,90,"€44.1M"
9295,34,"Switzerland",66,66,"FC Lugano","€200K","€3K","Right",1,4,2,"Low/ Medium","Normal","RCB","6'2","196lbs",69,33,34,37,"€290K"
4022,27,"Spain",71,71,"Córdoba CF","€2.5M","€7K","Left",1,2,3,"High/ Low","Normal","RM","5'9","170lbs",55,80,83,78,"€3.8M"
2729,30,"Brazil",73,73,"Bahia","€2.9M","€11K","Right",1,2,3,"Low/ Medium","Stocky","RB","5'11","181lbs",71,64,75,62,"€5.5M"
13071,31,"United States",62,62,"Atlanta United","€200K","€1K","Right",1,3,2,"Medium/ Medium","Normal","RB","5'10","165lbs",58,68,67,71,"€300K"
5129,30,"England",70,70,"Preston North End","€1.3M","€8K","Right",1,2,2,"Low/ High","Normal","RCB","6'3","176lbs",75,42,44,30,"€2.5M"
5509,31,"England",70,70,"Derby County","€1.5M","€23K","Left",1,2,3,"High/ Medium","Normal","CM","5'10","150lbs",74,55,54,59,"€2.9M"
3257,30,"Germany",72,72,"VfL Bochum 1848","€2.9M","€14K","Left",2,3,3,"Medium/ Low","Lean","LM","5'9","150lbs",63,77,74,81,"€4.7M"
14209,22,"Scotland",61,73,"Coventry City","€400K","€2K","Right",1,3,2,"Medium/ Medium","Lean","LCB","6'2","154lbs",61,55,64,59,"€780K"
17873,21,"Saudi Arabia",52,61,"Al Fateh","€80K","€3K","Left",1,3,3,"Medium/ Medium","Normal","LM","5'9","157lbs",36,52,67,64,"€148K"
13130,20,"Turkey",62,74,"Kasimpaşa SK","€550K","€2K","Left",1,2,2,"Medium/ Medium","Normal","LM","5'9","154lbs",48,79,69,70,"€1.2M"
12981,21,"Spain",63,71,"CF Reus Deportiu","€475K","€1K","Right",1,3,2,"Medium/ Medium","Normal","CB","5'11","165lbs",62,58,59,49,"€831K"
12116,26,"Argentina",63,66,"Club Atlético Aldosivi","€375K","€2K","Left",1,3,2,"Medium/ Medium","Lean","LB","5'7","157lbs",52,75,78,69,"€572K"
14105,20,"Germany",61,74,"VfL Bochum 1848","€475K","€2K","Right",1,3,3,"High/ Medium","Normal","CAM","5'10","159lbs",47,76,67,79,"€1.1M"
3670,28,"Cameroon",72,72,"Yokohama F. Marinos","€3.1M","€6K","Left",1,3,3,"High/ Low","Normal","RM","6'0","148lbs",46,86,85,80,"€3.9M"
14882,21,"Germany",60,70,"Holstein Kiel","€290K","€1K","Left",1,3,2,"Medium/ Medium","Lean","LB","6'0","148lbs",48,75,75,70,"€508K"
9287,27,"Switzerland",66,67,"FC Zürich","€725K","€5K","Right",1,3,3,"High/ Medium","Normal","CM","5'6","137lbs",46,67,68,75,"€1.1M"
7175,26,"Chile",68,68,"Club Necaxa","€950K","€6K","Left",1,3,2,"High/ Medium","Normal","LM","5'8","161lbs",39,79,79,79,"€1.6M"
362,24,"Spain",81,85,"Borussia Dortmund","€23.5M","€59K","Right",2,4,3,"High/ Medium","Normal","ST","5'9","159lbs",77,82,80,83,"€41.7M"
17431,22,"England",54,59,"Stevenage","€90K","€2K","Right",1,3,2,"High/ Medium","Normal","ST","5'10","172lbs",52,82,76,68,"€164K"
2161,31,"Germany",74,74,"VfB Stuttgart","€3.7M","€26K","Right",2,3,3,"Medium/ High","Normal","RWB","5'11","174lbs",71,71,68,71,"€6.3M"
1166,30,"Spain",77,77,"Deportivo Alavés","€8M","€25K","Right",1,3,3,"Medium/ High","Lean","RCM","6'1","165lbs",68,60,54,64,"€16.8M"
4392,19,"Austria",71,82,"FC Red Bull Salzburg","€4M","€10K","Left",1,3,4,"Medium/ Medium","Lean","CAM","5'9","150lbs",56,84,81,79,"€6.7M"
5616,33,"Greece",70,70,"Al Fayha","€725K","€11K","Right",2,2,2,"Low/ Medium","Normal","CB","6'3","198lbs",68,32,34,43,"€1.2M"
1372,25,"Japan",76,79,"Newcastle United","€10M","€46K","Right",1,4,3,"High/ High","Lean","ST","5'10","159lbs",73,78,77,74,"€19.8M"
14128,26,"Korea Republic",61,61,"Sangju Sangmu FC","€270K","€1K","Right",1,3,2,"High/ Medium","Normal","LM","5'9","154lbs",53,73,70,66,"€338K"
11544,30,"Switzerland",64,64,"FC Thun","€325K","€3K","Right",1,2,2,"Medium/ Medium","Normal","RB","5'10","163lbs",47,64,67,71,"€471K"
6998,24,"Slovakia",68,74,"RC Celta","€1M","€7K","Left",1,3,3,"Medium/ Medium","Normal","LB","5'11","165lbs",69,59,55,70,"€2.4M"
5380,27,"Wales",70,73,"Preston North End","€1.5M","€7K","Right",1,3,1,"Medium/ Medium","Normal","GK","6'1","163lbs",15,39,45,45,"€3M"
12784,19,"Japan",63,74,"Hokkaido Consadole Sapporo","€525K","€1K","Left",1,4,3,"High/ Medium","Stocky","LM","5'7","152lbs",51,67,72,67,"€761K"
13799,25,"Australia",62,67,"Central Coast Mariners","€400K","€1K","Right",1,3,2,"High/ Medium","Lean","ST","5'10","148lbs",57,71,71,71,"€530K"
8815,20,"Argentina",66,79,"San Lorenzo de Almagro","€1.2M","€4K","Right",1,3,3,"Medium/ High","Normal","RDM","5'7","159lbs",62,59,64,65,"€2.6M"
2843,20,"Portugal",73,84,"SC Braga","€7M","€9K","Left",1,3,4,"Medium/ Medium","Normal","RM","5'10","159lbs",45,76,73,76,"€15.4M"
12170,33,"England",63,63,"Gillingham","€140K","€2K","Right",1,2,2,"High/ High","Normal","LB","5'10","165lbs",57,67,64,65,"€245K"
7615,30,"England",68,68,"Aston Villa","€675K","€8K","Right",2,3,2,"Medium/ Medium","Stocky","CB","5'11","183lbs",64,64,68,53,"€1.3M"
9543,25,"France",66,70,"AS Nancy Lorraine","€700K","€2K","Right",1,2,2,"Low/ Medium","Normal","CB","6'2","187lbs",60,66,71,59,"€1.3M"
18046,20,"Turkey",50,58,"BB Erzurumspor","€30K","€1K","Right",1,2,1,"Medium/ Medium","Normal","GK","6'0","172lbs",13,19,31,28,"€65K"
13086,21,"Turkey",62,70,"Yeni Malatyaspor","€450K","€2K","Right",1,2,2,"Medium/ Medium","Normal","LM","5'9","159lbs",46,74,72,70,"€990K"
63,25,"Italy",86,89,"Paris Saint-Germain","€55M","€135K","Right",3,4,4,"Medium/ High","Normal","LCM","5'5","132lbs",55,69,62,87,"€105.9M"
14964,21,"Croatia",60,70,"FC Ingolstadt 04","€260K","€2K","Left",1,2,1,"Medium/ Medium","Normal","GK","6'4","190lbs",14,22,27,24,"€468K"
11521,29,"Serbia",64,64,"Royal Excel Mouscron","€350K","€3K","Left",1,3,2,"Medium/ Medium","Lean","LB","6'1","168lbs",59,63,64,64,"€508K"
17862,19,"Poland",52,68,"Wisła Kraków","€100K","€1K","Right",1,2,2,"Medium/ Medium","Normal","CB","6'0","174lbs",50,55,59,46,"€198K"
13757,32,"China PR",62,62,"Dalian YiFang FC","€170K","€2K","Right",1,3,2,"Medium/ Medium","Lean","RB","5'11","172lbs",65,51,30,31,"€366K"
8968,32,"Germany",66,66,"SV Meppen","€375K","€1K","Right",1,2,1,"Medium/ Medium","Normal","GK","6'2","190lbs",13,36,40,41,"€544K"
12557,30,"Republic of Ireland",63,63,"Shamrock Rovers","€350K","€1K","Right",1,3,3,"High/ High","Lean","CAM","6'0","165lbs",55,65,66,68,"€543K"
2713,26,"Turkey",73,76,"Fenerbahçe SK","€4.2M","€41K","Right",2,4,3,"High/ High","Normal","CDM","6'1","176lbs",70,68,68,63,"€8.2M"
17279,20,"Sweden",55,65,"Trelleborgs FF","€140K","€1K","Right",1,3,2,"Low/ High","Lean","CM","5'10","165lbs",36,64,66,69,"€203K"
6675,25,"Spain",68,73,"CA Osasuna","€1M","€4K","Left",1,3,2,"Low/ Medium","Normal","RCB","6'1","179lbs",67,66,74,58,"€1.7M"
4069,26,"Mali",71,75,"AJ Auxerre","€2.5M","€5K","Right",1,3,2,"Low/ High","Lean","RDM","6'0","170lbs",62,57,37,56,"€4.8M"
5256,27,"Central African Rep.",70,72,"Dijon FCO","€1.7M","€8K","Right",1,3,2,"Medium/ Medium","Normal","CB","6'3","185lbs",69,67,54,34,"€3.6M"
3231,28,"Colombia",72,72,"Sagan Tosu","€3.2M","€5K","Right",2,4,3,"Medium/ Low","Normal","ST","6'2","174lbs",64,90,93,78,"€4M"
7686,22,"Spain",67,78,"Girona FC","€1M","€6K","Right",1,3,1,"Medium/ Medium","Normal","GK","6'2","176lbs",18,48,46,49,"€2.3M"
5246,21,"Denmark",70,78,"Dynamo Kyiv","€2.6M","€1K","Right",1,3,3,"High/ Medium","Lean","RW","5'11","154lbs",61,76,72,83,"€6.1M"
4605,31,"Colombia",71,71,"Junior FC","€2.1M","€3K","Right",1,4,3,"Medium/ Low","Normal","CAM","5'10","163lbs",47,59,71,67,"€2.9M"
9995,25,"Denmark",65,69,"Lillestrøm SK","€600K","€1K","Right",1,3,2,"Medium/ Medium","Normal","LCM","6'1","163lbs",64,66,73,71,"€795K"
8484,25,"Turkey",67,68,"Kasimpaşa SK","€900K","€5K","Left",1,3,3,"High/ Low","Lean","RM","5'8","146lbs",38,79,78,77,"€1.9M"
17626,20,"Switzerland",53,67,"FC St. Gallen","€130K","€2K","Left",1,3,2,"High/ Medium","Lean","LM","6'0","170lbs",41,59,67,67,"€270K"
9409,21,"Netherlands",66,73,"Excelsior","€900K","€2K","Right",1,3,4,"Medium/ Medium","Lean","RDM","6'1","159lbs",57,70,65,65,"€1.5M"
17049,20,"Republic of Ireland",55,65,"Barnsley","€150K","€2K","Right",1,3,2,"Medium/ Medium","Normal","ST","5'11","154lbs",59,73,70,69,"€293K"
16620,18,"Germany",57,73,"Fortuna Düsseldorf","€190K","€2K","Left",1,3,2,"Medium/ Medium","Lean","LB","5'11","163lbs",49,68,63,55,"€461K"
3928,21,"Germany",72,80,"SC Freiburg","€4M","€11K","Right",1,3,2,"Medium/ Medium","Lean","LDM","6'4","187lbs",72,53,65,55,"€8M"
7574,20,"Greece",68,77,"Fortuna Sittard","€1.4M","€3K","Right",1,4,3,"High/ Medium","Lean","LW","6'0","168lbs",61,82,84,79,"€2.3M"
8494,24,"France",67,75,"Valenciennes FC","€975K","€2K","Right",1,3,2,"Medium/ Medium","Normal","RCB","6'0","170lbs",60,41,58,37,"€1.9M"
18070,19,"Sweden",50,64,"IFK Göteborg","€60K","€1K","Left",1,3,2,"Medium/ Medium","Lean","LWB","5'6","154lbs",37,62,57,73,"€113K"
9143,18,"France",66,79,"Chamois Niortais Football Club","€1.2M","€1K","Right",1,3,3,"Medium/ Low","Normal","RM","6'0","168lbs",62,78,75,70,"€2.7M"
5842,22,"Germany",69,77,"Fortuna Düsseldorf","€1.3M","€11K","Right",1,3,2,"Low/ Medium","Normal","RCB","6'3","192lbs",66,68,73,55,"€2.7M"
13655,28,"England",62,62,"Yeovil Town","€325K","€2K","Right",1,3,2,"High/ Low","Normal","RS","6'3","176lbs",61,76,77,71,"€569K"
7764,30,"France",67,67,"Milton Keynes Dons","€575K","€5K","Right",1,3,2,"Medium/ High","Normal","CB","6'2","176lbs",72,65,50,64,"€1M"
18126,18,"Wales",49,70,"Crewe Alexandra","€60K","€1K","Right",1,3,2,"Medium/ Medium","Normal","CB","6'1","174lbs",43,61,56,63,"€165K"
11509,31,"England",64,64,"Rochdale","€270K","€1K","Right",1,2,1,"Medium/ Medium","Normal","GK","6'0","174lbs",15,46,42,52,"€473K"
17699,21,"China PR",53,65,"Changchun Yatai FC","€110K","€1K","Right",1,3,2,"Medium/ Low","Lean","ST","5'11","154lbs",43,63,75,58,"€259K"
15788,22,"Poland",59,68,"Zagłębie Lubin","€180K","€1K","Right",1,2,1,"Medium/ Medium","Lean","GK","6'2","161lbs",12,45,51,34,"€279K"
3205,24,"Venezuela",73,78,"Vitória Guimarães","€4.5M","€7K","Right",1,3,3,"High/ Medium","Lean","RB","5'10","157lbs",63,79,77,77,"€9.7M"
2948,26,"Brazil",73,73,"Atlético Mineiro","€3.5M","€24K","Left",1,3,2,"Medium/ Medium","Normal","LDM","6'1","181lbs",65,58,61,59,"€6.6M"
2143,34,"Brazil",74,74,"Internacional","€1.7M","€21K","Right",1,3,3,"Medium/ Medium","Lean","LDM","6'1","163lbs",66,68,72,66,"€3.2M"
8006,24,"Chile",67,74,"CD Huachipato","€900K","€2K","Right",1,3,2,"Medium/ Medium","Normal","RB","5'10","165lbs",63,74,81,65,"€1.4M"
7273,26,"France",68,69,"KSV Cercle Brugge","€1.1M","€6K","Right",1,2,3,"Medium/ Medium","Lean","CAM","6'0","170lbs",65,65,66,67,"€1.6M"
7621,30,"South Africa",68,68,"Orlando Pirates","€575K","€1K","Right",1,2,1,"Medium/ Medium","Normal","GK","5'9","152lbs",11,38,34,28,"€1.2M"
4147,29,"Italy",71,71,"Benevento","€2.4M","€5K","Right",1,4,3,"High/ Low","Stocky","ST","6'0","159lbs",70,66,56,61,"€3.8M"
407,33,"Brazil",81,81,"Borussia Mönchengladbach","€11M","€41K","Right",2,4,4,"High/ Medium","Lean","CF","5'9","152lbs",63,74,66,83,"€18.7M"
10084,26,"Norway",65,66,"Sarpsborg 08 FF","€625K","€2K","Right",1,4,3,"Medium/ Medium","Lean","LM","6'0","163lbs",51,76,69,79,"€828K"
16867,23,"Saudi Arabia",56,65,"Al Shabab","€120K","€3K","Right",1,3,2,"Medium/ Medium","Normal","CB","5'9","154lbs",54,55,63,39,"€222K"
12450,28,"Germany",63,64,"FC Carl Zeiss Jena","€325K","€1K","Left",1,4,2,"Medium/ Medium","Normal","CB","6'4","165lbs",60,55,52,45,"€496K"
2988,31,"Argentina",73,73,"Pachuca","€3.6M","€26K","Right",1,3,2,"Medium/ Medium","Normal","ST","6'2","196lbs",83,35,41,55,"€6.1M"
3015,22,"Nigeria",73,80,"Watford","€5.5M","€34K","Right",1,3,3,"Medium/ Medium","Normal","RM","6'0","198lbs",64,73,84,68,"€11.6M"
11079,27,"Germany",64,64,"Brøndby IF","€300K","€4K","Right",1,3,1,"Medium/ Medium","Lean","GK","6'1","181lbs",18,44,43,49,"€390K"
13814,19,"England",62,77,"Manchester City","€600K","€6K","Right",1,2,2,"Medium/ Medium","Normal","CB","6'2","176lbs",60,65,66,63,"€1.5M"
4545,25,"Italy",71,73,"Cagliari","€2.9M","€18K","Right",1,3,3,"High/ Medium","Normal","RM","6'2","176lbs",51,69,66,55,"€5.1M"
2119,25,"Argentina",74,79,"Club Atlético Colón","€6.5M","€11K","Right",1,3,2,"Low/ High","Normal","LCB","6'0","176lbs",72,68,73,68,"€10.2M"
7982,25,"Saudi Arabia",67,68,"Al Shabab","€900K","€10K","Left",1,4,4,"High/ Low","Normal","RM","5'7","148lbs",48,80,74,81,"€1.6M"
15253,22,"England",60,65,"Minnesota United FC","€270K","€1K","Right",1,2,2,"Medium/ Medium","Lean","CM","5'11","161lbs",54,59,55,63,"€425K"
14365,26,"England",61,64,"Motherwell","€220K","€1K","Right",1,3,1,"Medium/ Medium","Normal","GK","6'4","194lbs",11,34,35,37,"€402K"
14578,25,"Colombia",61,64,"Once Caldas","€325K","€1K","Left",1,2,3,"Medium/ Medium","Normal","CAM","6'1","163lbs",31,62,68,59,"€463K"
16714,26,"United States",56,61,"Orlando City SC","€80K","€1K","Right",1,3,1,"Medium/ Medium","Lean","GK","6'2","170lbs",13,27,26,29,"€126K"
1030,26,"Israel",77,80,"FC Red Bull Salzburg","€11M","€40K","Right",2,4,4,"Medium/ Low","Normal","RS","5'11","170lbs",75,74,76,77,"€17.3M"
6170,22,"England",69,77,"Southampton","€1.6M","€20K","Right",1,3,2,"High/ Medium","Normal","ST","6'4","165lbs",75,62,69,65,"€3.3M"
15432,27,"Japan",59,59,"Urawa Red Diamonds","€160K","€2K","Right",1,3,3,"High/ Medium","Lean","CM","5'6","146lbs",32,83,72,80,"€208K"
4672,28,"Mexico",71,71,"Santos Laguna","€2.4M","€14K","Right",1,3,3,"High/ Medium","Lean","RM","5'11","168lbs",52,71,76,73,"€4.1M"
8014,24,"Australia",67,70,"Rotherham United","€975K","€10K","Right",1,3,3,"High/ High","Normal","RM","5'8","148lbs",30,79,78,84,"€1.9M"
5668,29,"Spain",69,69,"GIF Sundsvall","€1M","€3K","Left",1,3,2,"Medium/ Medium","Normal","LCM","6'1","176lbs",53,55,50,61,"€1.3M"
1495,22,"England",76,83,"Arsenal","€9.5M","€64K","Right",1,3,2,"Medium/ Medium","Lean","CB","6'2","165lbs",75,58,61,58,"€20M"
15313,25,"New Zealand",59,61,"Wellington Phoenix","€160K","€1K","Right",1,4,2,"High/ Low","Lean","RWB","5'9","154lbs",52,75,73,75,"€212K"
6110,30,"Germany",69,69,"1. FC Magdeburg","€1M","€8K","Left",1,4,2,"High/ Medium","Lean","RS","6'5","194lbs",76,43,53,48,"€1.6M"
14810,19,"Japan",60,75,"FC Tokyo","€400K","€1K","Right",1,3,2,"Medium/ Medium","Lean","CB","5'11","163lbs",58,74,72,54,"€750K"
108,35,"Portugal",85,85,"Beşiktaş JK","€9M","€57K","Right",4,3,2,"Medium/ High","Lean","RCB","6'2","179lbs",80,65,70,63,"€17.1M"
3621,26,"Bosnia Herzegovina",72,74,"VVV-Venlo","€3.8M","€7K","Left",1,3,4,"Medium/ Medium","Normal","LCM","6'1","183lbs",60,66,67,69,"€5.7M"
3744,34,"Colombia",72,72,"Independiente Santa Fe","€1.3M","€3K","Right",1,3,1,"Medium/ Medium","Normal","GK","6'0","172lbs",15,42,44,44,"€1.8M"
16231,23,"China PR",58,65,"Hebei China Fortune FC","€180K","€2K","Right",1,3,2,"High/ High","Normal","ST","6'1","183lbs",61,55,47,61,"€423K"
14249,21,"Guinea",61,69,"FC Lorient","€375K","€1K","Right",1,3,2,"Medium/ Low","Normal","LM","5'9","141lbs",66,75,74,77,"€731K"
6662,23,"Syria",68,73,"SG Dynamo Dresden","€1.2M","€7K","Right",1,3,3,"Medium/ Medium","Normal","RF","5'9","165lbs",39,83,73,77,"€2M"
10074,31,"Poland",65,65,"Zagłębie Lubin","€475K","€2K","Left",1,4,3,"High/ Medium","Normal","LM","5'11","168lbs",65,70,61,68,"€641K"
7012,31,"Germany",68,68,"SC Fortuna Köln","€600K","€1K","Left",1,3,2,"Medium/ Medium","Stocky","LCB","6'5","203lbs",76,48,52,41,"€870K"
2898,20,"Brazil",73,84,"Rio Ave FC","€7M","€9K","Right",1,3,4,"Medium/ Medium","Lean","LW","6'0","159lbs",41,85,83,77,
15745,19,"England",59,74,"Milton Keynes Dons","€325K","€1K","Right",1,4,3,"Medium/ Medium","Lean","LM","5'9","163lbs",41,72,75,80,"€772K"
14245,21,"Germany",61,71,"FC St. Pauli","€325K","€2K","Right",1,3,1,"Medium/ Medium","Normal","GK","6'2","183lbs",18,42,43,38,"€585K"
12987,28,"Senegal",63,63,"Sandefjord Fotball","€290K","€1K","Right",1,4,2,"Medium/ Medium","Normal","RB","5'6","152lbs",45,79,82,77,"€363K"
1981,32,"Italy",75,75,"SPAL","€3.8M","€13K","Right",2,3,3,"Low/ Medium","Lean","CDM","6'1","157lbs",65,54,53,65,"€6.9M"
14023,37,"Saudi Arabia",61,61,"Al Fayha","€20K","€2K","Right",1,3,1,"Medium/ Medium","Normal","GK","5'11","165lbs",13,31,37,26,"€33K"
1779,23,"Algeria",75,81,"Fenerbahçe SK","€9M","€25K","Right",2,4,4,"Medium/ Medium","Normal","CAM","5'10","168lbs",64,72,68,77,
16173,17,"Chile",58,76,"Deportes Iquique","€250K","€1K","Right",1,3,2,"Medium/ Medium","Normal","ST","6'0","154lbs",59,61,64,62,"€494K"
7572,29,"Argentina",68,68,"Extremadura UD","€675K","€3K","Left",1,3,3,"Medium/ High","Normal","LB","5'8","163lbs",45,80,75,85,"€1M"
6902,29,"Paraguay",68,68,"CD Universidad de Concepción","€700K","€2K","Left",1,3,2,"Medium/ Medium","Normal","LCB","5'10","172lbs",68,67,62,54,"€980K"
2280,28,"Bosnia Herzegovina",74,75,"RSC Anderlecht","€5M","€17K","Right",1,3,2,"Medium/ High","Normal","RCB","6'0","165lbs",73,65,69,68,"€7.9M"
2170,31,"United States",74,74,"Sporting Kansas City","€3.8M","€7K","Left",1,3,2,"Low/ High","Normal","LCB","6'0","170lbs",69,71,73,69,"€5.7M"
15553,22,"United States",59,68,"New England Revolution","€200K","€1K","Right",1,3,2,"Medium/ Medium","Normal","RB","5'9","159lbs",41,79,78,66,"€330K"
6638,36,"Argentina",68,68,"Estudiantes de La Plata","€300K","€5K","Right",1,3,3,"High/ Medium","Normal","RM","5'10","174lbs",64,74,90,73,"€450K"
5660,27,"Turkey",69,70,"Atiker Konyaspor","€1M","€8K","Right",1,2,2,"Medium/ High","Normal","CDM","6'3","185lbs",60,34,37,42,"€2.1M"
6685,33,"Korea Republic",68,68,"Gangwon FC","€350K","€3K","Right",1,3,2,"Medium/ High","Normal","LDM","5'11","170lbs",56,69,70,68,"€438K"
7792,30,"Brazil",67,67,"Internacional","€725K","€9K","Right",1,3,3,"Medium/ Medium","Lean","CAM","5'8","152lbs",40,76,72,74,"€1.4M"
11946,33,"Serbia",64,64,"Wolfsberger AC","€180K","€3K","Right",1,3,2,"Medium/ Medium","Normal","LCB","5'10","161lbs",62,53,45,58,"€261K"
6618,31,"Germany",68,68,"SV Darmstadt 98","€550K","€6K","Right",1,3,1,"Medium/ Medium","Normal","GK","6'3","190lbs",12,51,50,49,"€880K"
13624,24,"Wales",62,69,"Notts County","€425K","€3K","Right",1,3,3,"High/ High","Lean","RDM","5'11","165lbs",45,75,73,80,"€829K"
17639,20,"France",53,64,"FC Lorient","€90K","€1K","Left",1,2,2,"Medium/ Medium","Normal","CB","6'1","176lbs",50,52,62,41,"€176K"
17337,20,"Colombia",54,65,"Alianza Petrolera","€120K","€1K","Right",1,2,2,"Medium/ Medium","Normal","ST","5'8","141lbs",53,70,68,74,"€186K"
17246,19,"France",55,70,"Livorno","€170K","€1K","Right",1,3,2,"Medium/ Medium","Normal","CB","6'1","176lbs",61,57,57,47,"€370K"
1316,28,"Portugal",76,76,"AEK Athens","€7.5M","€1K","Right",1,3,3,"High/ High","Lean","CM","5'10","163lbs",70,77,82,75,"€16.5M"
3240,28,"Italy",72,72,"Benevento","€2.5M","€4K","Right",1,5,3,"High/ High","Normal","LB","5'8","139lbs",54,92,85,83,"€3.9M"
5333,23,"Norway",70,77,"Molde FK","€2.5M","€5K","Left",1,3,3,"Medium/ Medium","Lean","RW","6'0","165lbs",46,77,72,79,"€3.6M"
13549,23,"England",62,65,"Carlisle United","€375K","€2K","Right",1,2,2,"Medium/ Medium","Lean","CM","5'10","159lbs",49,56,58,65,"€684K"
15815,19,"Chile",59,73,"Unión La Calera","€300K","€1K","Left",1,3,2,"Medium/ Medium","Normal","LB","5'11","146lbs",54,69,70,67,
13832,26,"Chile",62,62,"CD Everton de Viña del Mar","€325K","€1K","Right",1,3,2,"Medium/ Medium","Normal","ST","5'10","170lbs",70,68,68,63,"€439K"
3433,34,"Italy",72,72,"Frosinone","€875K","€11K","Left",2,2,3,"High/ High","Normal","LB","6'0","181lbs",63,66,69,65,"€1.6M"
7239,29,"France",68,68,"Royal Excel Mouscron","€700K","€5K","Left",1,2,2,"High/ High","Normal","RCM","6'0","161lbs",64,76,72,71,"€1M"
6060,23,"Morocco",69,75,"Racing Club de Lens","€1.4M","€15K","Right",1,3,4,"High/ Medium","Lean","LM","5'10","154lbs",61,81,74,73,
8758,29,"Korea Republic",67,67,"Gangwon FC","€600K","€2K","Right",1,3,2,"Low/ High","Normal","RCB","6'0","154lbs",63,68,67,79,"€750K"
10537,25,"Denmark",65,69,"Eintracht Braunschweig","€600K","€2K","Right",1,3,2,"High/ High","Lean","CB","6'6","207lbs",75,50,53,30,"€915K"
10169,28,"Mexico",65,65,"Puebla FC","€450K","€13K","Right",1,2,2,"Medium/ High","Normal","CB","5'9","170lbs",65,63,61,60,
4748,33,"Spain",71,71,"Real Zaragoza","€1.4M","€7K","Right",1,3,3,"Medium/ High","Stocky","RCM","5'11","176lbs",60,58,45,56,"€2.2M"
15971,31,"Korea Republic",58,58,"Gyeongnam FC","€110K","€1K","Right",1,2,3,"High/ Medium","Normal","ST","5'10","165lbs",58,63,64,62,"€138K"
11323,20,"Mexico",64,78,"Monarcas Morelia","€1M","€2K","Left",1,3,3,"High/ Medium","Lean","LW","5'9","157lbs",37,79,75,67,"€2.3M"
8723,21,"Morocco",67,74,"Feyenoord","€1.1M","€4K","Right",1,4,4,"Medium/ Medium","Lean","LW","5'9","154lbs",37,81,78,77,"€1.7M"
10311,34,"China PR",65,65,"Beijing Renhe FC","€280K","€4K","Right",1,4,2,"Medium/ Medium","Normal","ST","6'2","187lbs",76,52,39,56,"€602K"
13548,29,"Republic of Ireland",62,62,"Shamrock Rovers","€240K","€1K","Right",1,3,2,"Medium/ Medium","Normal","LDM","5'11","161lbs",43,53,49,65,"€372K"
7734,29,"Colombia",67,67,"Deportivo Pasto","€750K","€1K","Right",1,3,3,"Medium/ Low","Stocky","CAM","5'7","154lbs",41,65,66,70,"€1M"
11668,19,"Argentina",64,80,"Club Atlético Colón","€975K","€2K","Right",1,3,2,"High/ Medium","Lean","ST","6'1","157lbs",67,65,68,61,"€2.1M"
8751,34,"Scotland",67,67,"Kilmarnock","€375K","€3K","Right",1,4,3,"High/ Medium","Normal","RM","5'9","150lbs",35,75,73,78,"€656K"
14640,23,"Denmark",61,68,"Vendsyssel FF","€350K","€2K","Right",1,5,2,"Medium/ Medium","Normal","RCM","5'10","154lbs",39,60,67,67,"€508K"
13859,20,"Croatia",62,71,"Spezia","€400K","€5K","Right",1,3,2,"Medium/ Medium","Normal","CB","6'4","172lbs",62,49,55,42,
6202,26,"Colombia",69,71,"América de Cali","€1.1M","€1K","Right",1,3,2,"Medium/ High","Normal","RDM","6'1","176lbs",57,39,34,40,"€1.5M"
6954,25,"Germany",68,71," SSV Jahn Regensburg","€925K","€4K","Right",1,3,3,"Medium/ Medium","Normal","RB","5'10","154lbs",63,74,70,70,"€1.5M"
9886,27,"Germany",66,66,"1. FC Kaiserslautern","€675K","€2K","Right",1,3,3,"Medium/ Medium","Normal","RM","5'11","174lbs",52,80,80,72,"€979K"
5096,36,"Argentina",70,70,"Newell's Old Boys","€240K","€5K","Right",1,2,1,"Medium/ Medium","Normal","GK","6'1","187lbs",13,46,44,38,"€360K"
3884,28,"Argentina",72,72,"Defensa y Justicia","€2.5M","€10K","Left",1,2,3,"Medium/ Medium","Normal","LB","5'9","172lbs",76,70,72,60,"€3.7M"
9804,33,"Morocco",66,66,"Ohod Club","€325K","€5K","Right",1,2,1,"Medium/ Medium","Normal","GK","6'1","190lbs",11,14,28,36,"€536K"
17514,21,"Denmark",54,64,"FC København","€90K","€1K","Right",1,2,1,"Medium/ Medium","Normal","GK","6'4","183lbs",10,25,24,35,"€135K"
14494,25,"Sweden",61,64,"IFK Göteborg","€325K","€1K","Right",1,3,3,"Medium/ Medium","Lean","RW","5'11","170lbs",47,68,67,59,"€431K"
9587,23,"Iceland",66,70,"Excelsior","€850K","€2K","Right",1,3,3,"High/ Medium","Normal","ST","6'0","161lbs",53,87,83,75,"€1.3M"
9950,21,"Turkey",65,72,"Karlsruher SC","€775K","€2K","Right",1,3,3,"Medium/ Medium","Lean","RM","5'8","148lbs",37,86,80,84,"€1.3M"
7457,23,"Denmark",68,73,"Brentford","€1.2M","€14K","Right",1,3,3,"High/ Medium","Lean","CAM","6'0","165lbs",53,73,70,83,"€2.4M"
16782,21,"England",56,66,"Crewe Alexandra","€140K","€2K","Right",1,3,2,"Medium/ Medium","Lean","LCM","5'11","141lbs",44,61,62,78,"€273K"
151,30,"Argentina",84,84,"Atalanta","€30M","€53K","Right",3,4,4,"High/ Medium","Normal","LS","5'5","150lbs",38,94,86,92,"€51M"
449,24,"Turkey",80,84,"Milan","€19.5M","€89K","Right",3,4,4,"Medium/ Medium","Normal","CAM","5'10","168lbs",53,73,69,78,"€34.6M"
6766,28,"China PR",68,68,"Tianjin Quanjian FC","€900K","€10K","Right",1,4,3,"High/ Medium","Normal","LM","5'11","154lbs",44,73,79,70,"€1.9M"
14951,19,"Canada",60,74,"Olympique Lyonnais","€400K","€3K","Right",1,3,2,"Medium/ Medium","Normal","RB","5'7","146lbs",54,75,78,55,"€1M"
9854,20,"Germany",66,78,"Borussia Dortmund","€1M","€8K","Left",1,3,3,"Medium/ Medium","Lean","CDM","5'11","154lbs",49,69,68,75,"€1.9M"
5061,20,"South Africa",70,84,,"€0","€0","Right",1,4,3,"High/ Medium","Lean","CAM","5'8","154lbs",43,88,83,62,
17635,18,"Norway",53,69,"SK Brann","€120K","€1K","Right",1,2,2,"Medium/ Medium","Normal","RW","5'7","148lbs",32,66,70,75,"€225K"
4285,28,"Portugal",71,71,"Boavista FC","€1.9M","€6K","Right",1,2,3,"High/ Medium","Normal","RB","5'9","148lbs",64,70,74,72,"€3.9M"
120,26,"Portugal",84,86,"Real Betis","€31.5M","€38K","Right",3,4,3,"Medium/ Medium","Normal","CDM","6'2","183lbs",73,49,53,51,"€68.5M"
17544,19,"Wales",53,69,"Cardiff City","€110K","€2K","Right",1,3,2,"Medium/ Medium","Normal","RB","5'11","154lbs",40,68,64,56,"€289K"
17927,22,"Croatia",51,61,"Vejle Boldklub","€50K","€1K","Right",1,3,1,"Medium/ Medium","Lean","GK","6'9","176lbs",15,17,22,31,"€73K"
15379,23,"Saudi Arabia",59,66,"Al Qadisiyah","€180K","€2K","Left",1,3,2,"Medium/ Medium","Normal","LB","5'6","161lbs",44,71,70,68,"€333K"
3840,24,"Mexico",72,76,"Club Tijuana","€2.9M","€10K","Right",1,1,1,"Medium/ Medium","Normal","GK","5'11","176lbs",13,47,44,33,"€5.1M"
9071,21,"Russia",66,76,"Lokomotiv Moscow","€925K","€1K","Left",1,5,2,"Medium/ Medium","Normal","CDM","5'10","159lbs",54,63,67,62,"€2.1M"
4079,33,"England",71,71,"Swansea City","€1.4M","€18K","Right",2,2,3,"High/ High","Normal","RM","5'7","170lbs",34,70,69,77,"€2.7M"
1063,23,"Belgium",77,82,"Liverpool","€12M","€83K","Right",2,3,4,"High/ Medium","Normal","ST","6'1","165lbs",73,76,79,72,"€23.7M"
14596,23,"Korea Republic",61,69,"Incheon United FC","€375K","€1K","Right",1,4,2,"Medium/ Medium","Normal","CAM","5'9","143lbs",47,70,75,68,"€544K"
7238,25,"Poland",68,69,"Zagłębie Lubin","€1.1M","€3K","Right",1,3,3,"High/ Low","Lean","RM","5'10","154lbs",56,89,90,83,"€1.5M"
11637,21,"Spain",64,71,"Levante UD","€650K","€2K","Right",1,3,2,"Medium/ Medium","Normal","ST","6'0","179lbs",63,61,58,58,
6691,30,"Italy",68,68,"Cosenza","€875K","€2K","Right",1,3,2,"High/ Low","Stocky","RS","6'0","165lbs",70,56,55,71,"€1.4M"
7926,23,"Mexico",67,73,"Querétaro","€900K","€3K","Right",1,3,3,"Low/ High","Lean","CDM","5'9","141lbs",57,69,71,68,"€1.7M"
16125,19,"Turkey",58,72,"Alanyaspor","€280K","€1K","Right",1,3,2,"Medium/ Medium","Lean","ST","6'0","152lbs",60,57,49,54,"€735K"
10728,31,"Ghana",65,65,"HJK Helsinki","€375K","€1K","Right",2,3,2,"Medium/ Medium","Lean","RCM","5'9","141lbs",48,78,77,77,"€806K"
1752,30,"Ukraine",75,75,"Dynamo Kyiv","€4.8M","€1K","Right",1,4,3,"High/ Medium","Normal","RB","5'9","157lbs",37,74,75,78,"€10.1M"
13219,29,"Germany",62,63,"FC Carl Zeiss Jena","€240K","€1K","Right",1,2,1,"Medium/ Medium","Normal","GK","6'4","172lbs",29,45,48,59,"€366K"
17023,21,"Saudi Arabia",55,67,"Al Ahli","€140K","€3K","Right",1,3,2,"High/ Medium","Normal","RB","5'10","148lbs",43,69,68,65,"€266K"
17504,29,"China PR",54,54,"Beijing Renhe FC","€70K","€2K","Right",1,2,2,"High/ Medium","Normal","ST","6'0","176lbs",59,59,56,44,"€151K"
7000,31,"Germany",68,68,"FC Würzburger Kickers","€600K","€3K","Left",1,2,2,"Medium/ High","Normal","LCB","6'2","183lbs",66,55,64,64,"€870K"
9100,33,"Estonia",66,66,"Vålerenga Fotball","€260K","€2K","Right",1,3,2,"Medium/ Medium","Normal","CB","5'9","161lbs",62,40,53,63,"€325K"
16152,19,"Poland",58,71,"Pogoń Szczecin","€240K","€1K","Right",1,3,2,"Medium/ Medium","Lean","RM","5'7","119lbs",37,68,69,80,"€474K"
9063,25,"France",66,67,"Nîmes Olympique","€525K","€4K","Right",1,3,1,"Medium/ Medium","Stocky","GK","6'1","172lbs",13,37,45,33,"€1.1M"
1867,31,"Russia",75,75,"Lokomotiv Moscow","€4.4M","€1K","Right",1,4,3,"Medium/ Medium","Lean","RB","5'11","159lbs",67,82,80,70,"€9.2M"
9949,21,"England",65,74,"Shrewsbury","€825K","€2K","Left",1,3,3,"Medium/ Medium","Normal","CM","5'9","163lbs",58,64,61,58,"€1.6M"
9862,33,"Czech Republic",66,66,"Piast Gliwice","€400K","€3K","Right",1,2,2,"Medium/ Low","Normal","ST","6'0","174lbs",74,63,65,63,"€540K"
6396,25,"Greece",69,72,"FC St. Pauli","€1.3M","€9K","Left",1,2,3,"High/ Medium","Normal","ST","6'0","179lbs",65,74,76,74,"€2.2M"
5554,33,"Argentina",70,70,"Colo-Colo","€725K","€5K","Left",1,2,2,"Low/ Medium","Normal","LCB","6'2","192lbs",73,47,44,58,"€1M"
8658,29,"Guinea",67,67,"Hellas Verona","€750K","€2K","Right",1,3,2,"Medium/ Medium","Stocky","ST","6'0","172lbs",62,89,81,71,"€1.2M"
9484,40,"Colombia",66,66,"Atlético Huila","€40K","€1K","Right",1,1,1,"Medium/ Medium","Normal","GK","6'1","190lbs",20,34,42,37,"€54K"
6592,33,"Chile",69,69,"Unión La Calera","€400K","€2K","Left",1,2,2,"High/ Medium","Normal","LB","5'9","159lbs",56,69,77,73,"€540K"
13020,19,"Austria",63,75,"SKN St. Pölten","€575K","€3K","Right",1,3,2,"Medium/ Medium","Normal","CB","6'0","176lbs",57,54,58,41,
12546,32,"China PR",63,63,"Chongqing Dangdai Lifan FC SWM Team","€200K","€2K","Left",1,3,2,"Medium/ Medium","Normal","RB","6'0","176lbs",57,70,52,56,"€430K"
13569,21,"Argentina",62,72,"Atlético Tucumán","€425K","€1K","Right",1,2,2,"Medium/ Medium","Normal","CB","6'3","172lbs",63,61,53,60,"€723K"
16913,20,"Slovenia",56,65,"FC Thun","€140K","€2K","Left",1,3,2,"High/ Medium","Normal","CAM","6'1","165lbs",44,47,55,62,"€231K"
4093,34,"Spain",71,71,"Levante UD","€675K","€13K","Right",1,3,3,"Medium/ Medium","Normal","RB","5'9","159lbs",53,68,68,69,"€1.4M"
945,33,"England",77,77,"Everton","€3.4M","€74K","Left",3,3,3,"High/ Medium","Normal","LB","5'7","154lbs",74,66,59,69,"€6.5M"
12824,24,"France",63,70,"Red Star FC","€450K","€1K","Right",1,2,2,"Medium/ Medium","Normal","LCB","5'11","170lbs",59,54,60,44,"€878K"
634,32,"Romania",79,79,"FC Nantes","€7M","€23K","Right",2,3,1,"Medium/ Medium","Lean","GK","6'5","190lbs",15,50,47,59,"€13.3M"
2573,24,"England",74,78,"Fulham","€6M","€35K","Left",1,4,3,"High/ Medium","Normal","LB","5'7","159lbs",68,83,85,82,"€11.9M"
6070,21,"Romania",69,81,"Genoa","€1.5M","€12K","Right",1,2,1,"Medium/ Medium","Lean","GK","6'2","172lbs",16,38,38,43,
7153,24,"Colombia",68,70,"Alianza Petrolera","€1.1M","€1K","Left",1,3,3,"Medium/ Medium","Lean","LM","5'7","150lbs",28,83,78,80,
3025,31,"Germany",73,73,"Western Sydney Wanderers","€3.5M","€9K","Right",2,4,3,"Medium/ Low","Normal","CAM","5'10","165lbs",59,69,65,75,"€4.4M"
6053,31,"Germany",69,69,"FC St. Pauli","€700K","€8K","Right",1,4,2,"Medium/ Medium","Normal","CDM","5'11","174lbs",53,67,68,67,"€1.1M"
16419,18,"France",57,74,"FC Sochaux-Montbéliard","€190K","€1K","Right",1,2,2,"Medium/ Medium","Normal","CB","6'3","194lbs",47,64,71,33,"€451K"
14798,20,"Slovenia",60,71,"Mansfield Town","€350K","€4K","Left",1,2,2,"Medium/ Medium","Normal","CM","5'10","150lbs",49,77,75,67,
8055,35,"Mexico",67,67,"Tiburones Rojos de Veracruz","€180K","€2K","Right",1,3,1,"Medium/ Medium","Stocky","GK","6'0","181lbs",12,22,27,55,"€297K"
7016,24,"Spain",68,75,"Cádiz CF","€1.3M","€4K","Right",1,3,2,"High/ Medium","Lean","ST","6'3","176lbs",69,69,69,55,"€2.3M"
3743,25,"Gabon",72,76,"Göztepe SK","€3.9M","€17K","Right",1,3,3,"High/ High","Normal","RDM","5'8","159lbs",60,75,73,72,"€8.2M"
2894,25,"Greece",73,77,"AEK Athens","€5M","€1K","Left",1,4,3,"High/ Medium","Normal","CAM","5'11","170lbs",68,65,72,68,"€11.4M"
11798,18,"Chile",64,77,"CD Palestino","€700K","€1K","Left",1,3,3,"Medium/ Medium","Normal","LB","5'9","154lbs",61,67,67,65,"€1.4M"
5792,30,"Belgium",69,69,"Sporting Lokeren","€675K","€5K","Right",1,3,1,"Medium/ Medium","Normal","GK","6'4","209lbs",13,23,26,28,"€1M"
348,25,"Wales",81,84,"Tottenham Hotspur","€18.5M","€87K","Left",2,3,3,"High/ High","Lean","LB","6'0","168lbs",69,76,74,70,"€35.6M"
3434,26,"Colombia",72,74,"Monterrey","€3.1M","€28K","Right",1,3,3,"High/ Medium","Normal","RWB","5'11","152lbs",72,74,75,73,"€5.4M"
3517,25,"Germany",72,76,"Fortuna Düsseldorf","€3.4M","€18K","Right",1,2,2,"Medium/ Medium","Normal","CB","6'3","185lbs",73,52,40,55,"€6.3M"
10900,19,"England",65,82,"Stoke City","€1M","€4K","Right",1,3,2,"High/ High","Normal","RB","5'9","168lbs",55,78,74,72,"€2.6M"
8086,23,"Spain",67,73,"RCD Mallorca","€1.1M","€3K","Left",1,3,3,"High/ Medium","Normal","ST","5'9","150lbs",58,75,72,74,"€1.9M"
10668,20,"Germany",65,77,"FC Erzgebirge Aue","€975K","€6K","Right",1,3,3,"Medium/ Low","Lean","ST","6'3","190lbs",47,80,90,72,
14425,25,"China PR",61,64,"Henan Jianye FC","€270K","€2K","Right",1,2,2,"Medium/ Medium","Lean","RCB","6'1","172lbs",68,61,62,57,"€601K"
8457,30,"United States",67,67,"Columbus Crew SC","€575K","€3K","Right",1,4,2,"Medium/ High","Normal","LCB","6'2","185lbs",66,63,64,50,"€863K"
288,30,"Ukraine",82,82,"Shakhtar Donetsk","€21M","€1K","Left",2,4,5,"Medium/ Medium","Normal","RM","5'9","152lbs",53,85,82,92,"€44.1M"
15110,20,"France",60,74,"ESTAC Troyes","€450K","€1K","Left",1,2,3,"High/ Medium","Normal","RM","5'11","163lbs",38,76,70,72,"€1.1M"
17362,17,"Wales",54,70,"Bury","€130K","€1K","Right",1,3,3,"Medium/ Medium","Lean","RM","5'9","137lbs",37,74,75,65,"€309K"
5352,37,"Italy",70,70,"Livorno","€575K","€2K","Right",1,4,3,"High/ High","Normal","RM","5'8","154lbs",43,75,55,80,"€891K"
14780,22,"Norway",60,69,"Vålerenga Fotball","€270K","€1K","Left",1,3,2,"Medium/ High","Normal","LB","6'1","176lbs",62,58,64,60,"€392K"
13292,19,"Poland",62,77,"VfB Stuttgart","€650K","€3K","Right",1,3,3,"Medium/ Medium","Lean","CAM","5'11","154lbs",47,69,64,55,"€1.5M"
5997,28,"Uruguay",69,69,"Atlético Tucumán","€825K","€6K","Left",1,2,2,"Medium/ High","Normal","LB","6'0","179lbs",76,68,74,67,"€1.2M"
4509,26,"France",71,74,"Stade Malherbe Caen","€2.1M","€11K","Left",1,2,1,"Medium/ Medium","Normal","GK","6'1","176lbs",12,46,44,30,"€4.3M"
11155,23,"Norway",64,72,"Molde FK","€650K","€2K","Left",1,3,3,"Medium/ Medium","Normal","CM","5'11","165lbs",46,65,55,71,"€943K"
13723,25,"Sweden",62,67,"Trelleborgs FF","€350K","€1K","Right",1,2,2,"Medium/ High","Lean","RCM","6'1","172lbs",42,60,55,58,"€464K"
13163,23,"Colombia",62,73,"Alianza Petrolera","€450K","€1K","Right",1,3,2,"Medium/ Medium","Normal","LCB","6'1","174lbs",68,50,52,49,"€698K"
17031,20,"Norway",55,63,"FK Bodø/Glimt","€130K","€1K","Right",1,2,2,"Medium/ Medium","Lean","ST","5'10","165lbs",53,69,72,70,"€189K"
14983,19,"Argentina",60,77,"Rosario Central","€450K","€1K","Left",1,2,2,"Medium/ Medium","Normal","CM","5'11","157lbs",45,63,66,68,"€956K"
13391,28,"Turkey",62,62,"MKE Ankaragücü","€300K","€4K","Right",1,2,3,"Medium/ Medium","Normal","CM","6'0","159lbs",49,66,66,60,"€600K"
9741,32,"Austria",66,66,"SKN St. Pölten","€525K","€6K","Right",1,4,3,"High/ Medium","Normal","ST","6'0","172lbs",65,63,53,65,"€761K"
2981,27,"Nigeria",73,73,"1. FSV Mainz 05","€4.3M","€23K","Right",2,4,3,"Medium/ Medium","Normal","ST","6'0","179lbs",74,69,74,69,"€7.7M"
17868,21,"Poland",52,60,"Zagłębie Sosnowiec","€60K","€1K","Right",1,2,1,"Medium/ Medium","Lean","GK","6'4","196lbs",14,16,28,25,"€93K"
14921,20,"Argentina",60,73,"Belgrano de Córdoba","€400K","€2K","Right",1,3,3,"Medium/ Medium","Lean","RM","5'7","152lbs",49,68,71,65,"€830K"
1819,24,"South Africa",75,81,,"€0","€0","Right",1,4,4,"High/ Medium","Normal","RW","5'6","143lbs",52,79,76,72,
15199,28,"China PR",60,60,"Beijing Renhe FC","€210K","€2K","Right",1,3,2,"Medium/ Medium","Normal","CM","5'9","154lbs",68,47,73,61,"€452K"
643,24,"Austria",79,82,"FC Augsburg","€16M","€27K","Left",2,3,4,"High/ Low","Normal","CAM","6'4","192lbs",71,65,68,67,"€28.4M"
17798,19,"Finland",52,69,"Crewe Alexandra","€90K","€1K","Right",1,2,1,"Medium/ Medium","Normal","GK","6'0","161lbs",12,35,38,40,"€214K"
8527,27,"Argentina",67,68,"Independiente","€900K","€8K","Right",1,2,3,"High/ Medium","Normal","ST","5'9","154lbs",43,83,90,81,"€1.3M"
14872,21,"China PR",60,73,"UD Almería","€400K","€1K","Right",1,4,2,"High/ Medium","Lean","RM","5'10","163lbs",49,72,73,81,"€870K"
11171,26,"France",64,65,"Red Star FC","€550K","€2K","Right",1,3,3,"High/ Medium","Normal","ST","5'9","150lbs",62,69,71,70,"€1M"
13367,18,"Spain",62,75,"Getafe CF","€550K","€2K","Left",1,3,2,"Medium/ Medium","Normal","ST","5'11","165lbs",58,58,61,48,"€1.5M"
11480,22,"Wales",64,70,"Yeovil Town","€525K","€2K","Right",1,3,2,"Medium/ High","Normal","RB","5'11","165lbs",62,72,74,60,"€1M"
6063,31,"Argentina",69,69,"Club Atlético Aldosivi","€925K","€7K","Right",1,3,3,"Medium/ Medium","Lean","LW","5'7","146lbs",60,78,74,75,"€1.3M"
6957,30,"Brazil",68,68,"Bahia","€850K","€6K","Right",1,4,3,"High/ Medium","Normal","CAM","5'10","172lbs",57,67,60,50,"€1.6M"
2566,33,"France",74,74,"FC Metz","€3.3M","€8K","Right",2,3,3,"Medium/ Medium","Normal","RCM","5'11","165lbs",63,61,52,61,"€5.9M"
6822,27,"Austria",68,69,"FC Augsburg","€825K","€9K","Right",1,3,3,"High/ Medium","Lean","RB","6'0","170lbs",59,79,79,68,"€1.5M"
7355,25,"Spain",68,73,"CD Lugo","€975K","€4K","Right",1,3,2,"Medium/ Medium","Normal","RB","6'0","170lbs",58,70,70,72,"€1.6M"
949,21,"Switzerland",77,84,"Borussia Mönchengladbach","€11M","€19K","Right",2,3,3,"Medium/ Medium","Normal","RCB","6'2","172lbs",79,73,77,66,"€20.9M"
7583,25,"Mexico",68,72,"Guadalajara","€975K","€12K","Left",1,3,2,"Low/ High","Normal","LCB","6'0","183lbs",70,66,63,47,"€1.7M"
358,27,"Algeria",81,82,"Napoli","€16.5M","€68K","Left",2,4,3,"High/ Medium","Normal","LB","6'0","176lbs",70,71,82,72,"€29.3M"
11269,18,"Spain",64,77,"Valencia CF","€700K","€3K","Left",1,3,3,"Medium/ Medium","Lean","LB","6'1","148lbs",57,60,70,63,"€1.9M"
14702,18,"Turkey",60,79,"Galatasaray SK","€375K","€3K","Right",1,2,2,"Medium/ High","Lean","CDM","6'0","165lbs",66,52,49,50,"€947K"
3017,32,"Czech Republic",73,73,"SK Slavia Praha","€3.2M","€1K","Right",1,2,3,"Medium/ High","Normal","ST","6'3","190lbs",76,56,60,48,"€7M"
14301,21,"Germany",61,69,"FSV Zwickau","€375K","€1K","Right",1,3,2,"Medium/ Medium","Lean","ST","6'5","196lbs",63,77,78,54,"€619K"
13525,26,"Argentina",62,62,"Godoy Cruz","€325K","€3K","Right",1,3,2,"Medium/ Medium","Normal","LW","5'6","141lbs",46,75,76,81,"€471K"
14786,22,"India",60,67,,"€0","€0","Right",1,3,2,"High/ Low","Normal","RM","5'11","165lbs",54,82,71,74,
1286,26,"Spain",76,80,"Rayo Vallecano","€8.5M","€18K","Right",2,3,2,"Low/ High","Normal","LCB","6'1","183lbs",74,61,69,59,"€19.3M"
13725,27,"Norway",62,63,"FK Bodø/Glimt","€350K","€1K","Right",1,3,2,"High/ High","Normal","RCM","6'3","187lbs",70,65,63,55,"€464K"
9134,22,"Italy",66,75,"Spezia","€850K","€12K","Right",1,5,2,"Low/ High","Lean","CB","5'11","161lbs",64,67,63,67,
16702,22,"Turkey",56,65,"Çaykur Rizespor","€120K","€2K","Right",1,2,2,"Medium/ Medium","Lean","CDM","6'1","163lbs",59,59,55,55,"€264K"
10769,22,"England",65,74,"Birmingham City","€700K","€6K","Right",1,3,2,"Medium/ Medium","Lean","RB","5'9","150lbs",55,80,79,73,"€1.5M"
9848,20,"Denmark",66,74,"FC Midtjylland","€825K","€4K","Right",1,3,2,"High/ Medium","Normal","RWB","6'0","165lbs",63,72,76,72,"€1.2M"
4441,29,"Mexico",71,71,"Club América","€1.6M","€27K","Right",1,3,1,"Medium/ Medium","Normal","GK","6'0","176lbs",19,33,33,30,"€2.7M"
9326,29,"Niger",66,66,"Racing Club de Lens","€625K","€4K","Right",1,2,2,"High/ Medium","Normal","RM","6'2","176lbs",67,83,81,69,"€1.1M"
12670,18,"Norway",63,81,"Stabæk Fotball","€675K","€1K","Right",1,3,3,"Medium/ Medium","Lean","CDM","5'9","146lbs",49,64,69,76,"€1.3M"
2492,32,"Benin",74,74,"Amiens SC","€3.2M","€16K","Right",1,5,2,"Medium/ Medium","Lean","RCB","5'11","159lbs",75,62,60,67,"€6.5M"
1889,30,"Serbia",75,75,"Chievo Verona","€4.9M","€15K","Right",2,3,2,"High/ Medium","Lean","RB","6'0","174lbs",68,68,68,66,"€8.4M"
4083,30,"Fiji",71,71,"Wellington Phoenix","€2.3M","€4K","Right",1,4,3,"High/ High","Normal","RS","5'7","154lbs",64,91,90,84,"€2.9M"
7575,23,"Nigeria",68,73,"SC Paderborn 07","€1M","€4K","Left",1,3,3,"High/ Medium","Lean","LB","6'0","168lbs",53,86,83,77,"€1.6M"
17069,23,"England",55,62,"Carlisle United","€120K","€1K","Right",1,2,2,"Medium/ Medium","Normal","RB","5'9","172lbs",51,45,51,66,
5746,27,"Czech Republic",69,69,"SK Slavia Praha","€1.1M","€1K","Right",1,2,3,"High/ Medium","Stocky","ST","5'11","181lbs",65,81,78,71,"€2.5M"
4024,20,"Russia",71,83,"PFC CSKA Moscow","€4.3M","€1K","Right",1,4,3,"High/ Low","Normal","RS","5'11","170lbs",66,78,81,75,"€10.3M"
6465,27,"England",69,71,"Birmingham City","€1M","€12K","Right",1,2,2,"Medium/ Medium","Normal","CB","6'4","179lbs",74,52,62,41,"€2M"
8328,19,"England",67,78,"Preston North End","€1.1M","€2K","Left",1,3,3,"High/ Medium","Lean","LB","6'4","172lbs",45,72,85,67,"€2.3M"
2786,29,"Chile",73,73,"Racing Club","€3M","€16K","Left",2,3,3,"Medium/ Medium","Normal","LB","5'8","163lbs",50,76,72,70,"€4.5M"
95,29,"Germany",85,85,"FC Bayern München","€30M","€115K","Right",4,4,2,"Medium/ Medium","Stocky","RCB","6'4","198lbs",85,67,72,56,"€49.5M"
8643,28,"Poland",67,67,"Korona Kielce","€600K","€2K","Right",1,2,2,"High/ High","Normal","RB","6'2","176lbs",62,69,70,61,"€810K"
10462,25,"England",65,68,"Wycombe Wanderers","€575K","€2K","Right",1,3,2,"Medium/ Medium","Normal","CB","6'0","168lbs",65,59,59,66,"€1M"
9147,28,"Scotland",66,66,"Coventry City","€525K","€3K","Right",1,3,2,"Medium/ Medium","Normal","CDM","6'2","194lbs",53,58,63,61,"€919K"
8093,30,"Argentina",67,67,"Newell's Old Boys","€725K","€6K","Right",1,3,2,"Medium/ Medium","Lean","RM","6'1","154lbs",60,74,76,68,"€1.1M"
4358,27,"Chile",71,72,"Colo-Colo","€2.7M","€6K","Left",1,3,3,"High/ Low","Stocky","LCM","5'9","161lbs",37,80,81,84,"€4M"
13857,24,"Japan",62,66,"Cerezo Osaka","€400K","€2K","Left",1,3,2,"High/ Low","Normal","ST","5'11","170lbs",69,69,71,73,"€530K"
5483,35,"Czech Republic",70,70,"Viktoria Plzeň","€775K","€1K","Right",1,4,3,"Medium/ Low","Normal","RM","5'8","143lbs",46,82,79,77,"€1.7M"
5785,27,"Colombia",69,69,"América de Cali","€1.1M","€1K","Left",1,4,3,"Medium/ Low","Normal","RAM","5'6","132lbs",37,75,80,92,"€1.5M"
14,27,"France",89,90,"Chelsea","€63M","€225K","Right",3,3,2,"Medium/ High","Lean","LDM","5'6","159lbs",54,82,78,82,"€121.3M"
8874,21,"Spain",66,80,"Cádiz CF","€1.4M","€2K","Right",1,3,3,"Medium/ Medium","Normal","LM","5'6","137lbs",60,69,67,66,"€3.1M"
10087,18,"Netherlands",65,85,"Manchester United","€1.1M","€13K","Left",1,4,4,"High/ High","Lean","RW","6'0","154lbs",50,78,77,76,"€3.2M"
1795,27,"Gabon",75,75,"Sparta Praha","€7M","€1K","Right",1,4,4,"Medium/ Low","Normal","RCM","5'6","148lbs",47,80,71,91,"€15.4M"
14926,20,"Montenegro",60,73,"TSG 1899 Hoffenheim","€400K","€4K","Left",1,3,3,"Medium/ Medium","Lean","ST","6'0","161lbs",53,67,50,67,"€930K"
10215,25,"Japan",65,68,"FC St. Pauli","€675K","€5K","Right",2,4,3,"Medium/ Low","Lean","RM","6'0","157lbs",29,90,92,91,"€1.1M"
4889,29,"Spain",70,71,"CA Osasuna","€1.6M","€6K","Right",1,3,2,"Medium/ Medium","Lean","LCB","6'1","170lbs",71,47,67,70,"€2.6M"
7679,23,"Spain",67,73,"CF Reus Deportiu","€900K","€3K","Right",1,3,2,"Low/ High","Lean","RCB","6'4","176lbs",70,64,63,53,"€1.6M"
17774,19,"Japan",52,67,"Kashiwa Reysol","€90K","€1K","Right",1,2,1,"Medium/ Medium","Normal","GK","6'3","174lbs",13,23,35,38,"€169K"
5185,30,"Brazil",70,70,"Cruzeiro","€1.7M","€17K","Right",1,3,3,"Medium/ Medium","Lean","ST","5'11","165lbs",72,61,66,65,"€3.3M"
2189,25,"England",74,77,"Wolverhampton Wanderers","€6M","€46K","Right",1,3,2,"Low/ High","Normal","CB","6'1","176lbs",65,45,46,48,"€11.9M"
3177,26,"Belgium",73,76,"Stade Malherbe Caen","€4.9M","€19K","Left",1,4,3,"Medium/ Medium","Lean","LCM","6'2","163lbs",55,65,66,53,"€10.1M"
14296,26,"Germany",61,62,"TSV 1860 München","€300K","€2K","Right",1,4,3,"High/ Medium","Lean","RM","5'7","141lbs",36,80,79,91,"€458K"
7207,21,"England",68,80,"Blackburn Rovers","€1.6M","€12K","Right",1,3,3,"High/ Medium","Normal","LM","5'8","152lbs",57,89,83,83,"€3.4M"
1469,22,"England",76,84,"Aston Villa","€11.5M","€18K","Right",1,3,4,"Medium/ Medium","Lean","LCM","5'9","150lbs",36,77,72,84,"€24.2M"
9996,26,"Turkey",65,68,"Kayserispor","€550K","€4K","Left",1,2,2,"Medium/ Medium","Normal","LB","5'9","148lbs",60,76,69,66,"€1.1M"
6489,23,"Argentina",69,77,"Gimnasia y Esgrima La Plata","€1.5M","€8K","Right",1,4,3,"Medium/ Medium","Lean","LM","5'11","159lbs",72,80,82,74,
117,22,"England",84,90,"Tottenham Hotspur","€42.5M","€115K","Right",3,3,4,"High/ High","Lean","LCM","6'2","176lbs",77,73,76,76,"€87.1M"
5037,31,"Argentina",70,70,"RCD Mallorca","€1.2M","€5K","Left",1,2,2,"Medium/ Medium","Normal","CDM","6'1","174lbs",70,38,42,58,"€1.9M"
249,25,"Ghana",82,88,"Atlético Madrid","€25.5M","€59K","Right",1,3,3,"High/ High","Lean","CDM","6'1","170lbs",68,73,76,72,"€57.4M"
8367,30,"Guam",67,67,"Houston Dynamo","€550K","€3K","Right",1,3,2,"Medium/ High","Lean","RB","5'9","150lbs",60,72,70,74,"€825K"
2253,24,"DR Congo",74,78,"Toulouse Football Club","€7.5M","€23K","Right",1,2,3,"Medium/ Medium","Stocky","ST","5'8","161lbs",62,85,83,89,"€15.6M"
16770,18,"Netherlands",56,68,"Willem II","€120K","€1K","Right",1,2,1,"Medium/ Medium","Normal","GK","6'1","165lbs",13,29,26,28,"€198K"
10105,21,"Ecuador",65,74,,"€0","€0","Right",1,3,2,"Medium/ Medium","Normal","LCM","5'10","154lbs",62,70,71,74,
16554,20,"Northern Ireland",57,70,"Bristol City","€200K","€4K","Left",1,3,3,"Medium/ Medium","Lean","CAM","5'7","150lbs",27,74,74,80,"€505K"
6677,25,"England",68,73,"Accrington Stanley","€850K","€14K","Right",1,3,1,"Medium/ Medium","Stocky","GK","6'3","212lbs",14,34,35,27,
12074,28,"Algeria",63,63,"Red Star FC","€290K","€1K","Right",1,4,2,"High/ Medium","Normal","RB","6'2","172lbs",66,58,65,57,"€508K"
2327,26,"Netherlands",74,77,"Stoke City","€6M","€34K","Left",2,3,2,"Medium/ High","Normal","CB","6'1","168lbs",74,53,55,52,"€11.9M"
13347,23,"Colombia",62,68,"Patriotas Boyacá FC","€350K","€1K","Right",1,3,2,"High/ Medium","Normal","RB","5'9","159lbs",44,76,70,69,"€543K"
12993,19,"Chile",63,78,"CD Universidad de Concepción","€700K","€1K","Left",1,3,2,"High/ Medium","Lean","LB","5'7","154lbs",69,67,64,61,"€1.4M"
13533,23,"England",62,69,"Mansfield Town","€350K","€3K","Right",1,3,3,"High/ Medium","Lean","RWB","6'1","150lbs",58,91,92,70,"€683K"
9182,23,"Brazil",66,70,"Kalmar FF","€825K","€1K","Left",1,2,3,"Medium/ Medium","Lean","CM","5'10","154lbs",44,69,65,67,"€1.1M"
17430,19,"Norway",54,74,"Stabæk Fotball","€130K","€1K","Right",1,3,2,"Medium/ Medium","Lean","RB","5'10","154lbs",54,64,65,69,"€293K"
2347,29,"Russia",74,75,,"€0","€0","Right",1,3,2,"Medium/ High","Normal","CB","6'3","190lbs",63,55,52,43,
10425,28,"China PR",65,65,"Tianjin Quanjian FC","€550K","€6K","Left",1,4,2,"High/ Medium","Normal","LM","5'11","161lbs",63,78,73,70,"€1.2M"
11295,28,"Denmark",64,64,"Aalborg BK","€350K","€3K","Right",1,3,3,"Medium/ Medium","Normal","RB","5'9","159lbs",46,78,73,68,"€438K"
15139,34,"Republic of Ireland",60,60,"St. Patrick's Athletic","€60K","€1K","Left",1,3,3,"Medium/ Medium","Normal","CDM","6'0","176lbs",51,49,47,63,"€93K"
6753,20,"Cameroon",68,78,"UD Almería","€1.3M","€3K","Right",1,3,2,"Medium/ High","Normal","RDM","5'10","148lbs",44,61,71,76,"€2.2M"
8565,28,"France",67,67,"Red Star FC","€775K","€3K","Left",1,5,3,"High/ Low","Lean","RM","6'1","163lbs",62,91,91,83,"€1.4M"
14492,26,"Korea Republic",61,62,"Gangwon FC","€290K","€1K","Right",1,3,2,"Medium/ High","Normal","CM","5'10","161lbs",43,56,67,58,"€384K"
2966,33,"Italy",73,73,"Parma","€1.5M","€29K","Right",1,3,3,"High/ Medium","Normal","RB","6'0","172lbs",64,75,68,70,"€2.8M"
7055,27,"Denmark",68,70,"Hammarby IF","€875K","€3K","Right",1,3,2,"Low/ High","Normal","CB","6'1","179lbs",65,68,71,65,"€1.2M"
13384,20,"France",62,73,"KSV Cercle Brugge","€525K","€2K","Right",1,3,3,"High/ Low","Normal","RW","5'10","157lbs",50,74,71,67,"€866K"
14133,29,"Saudi Arabia",61,61,"Al Taawoun","€250K","€4K","Right",1,3,2,"Medium/ Medium","Lean","LM","5'6","143lbs",43,75,76,78,"€413K"
10585,28,"Austria",65,65,"TSV Hartberg","€550K","€3K","Right",1,4,3,"Medium/ Medium","Stocky","ST","5'10","170lbs",56,74,76,72,"€798K"
9700,33,"Jamaica",66,66,"Esbjerg fB","€260K","€3K","Right",1,3,2,"High/ High","Stocky","RCB","5'11","172lbs",59,36,47,33,"€325K"
12562,26,"Korea Republic",63,64,"Gyeongnam FC","€350K","€2K","Left",1,3,2,"High/ High","Lean","LB","6'0","163lbs",55,83,80,61,"€464K"
1293,27,"Portugal",76,76,"Akhisar Belediyespor","€8M","€19K","Left",1,2,4,"Medium/ Medium","Normal","CAM","5'9","165lbs",57,66,70,77,"€16M"
15772,20,"Venezuela",59,69,"Once Caldas","€250K","€1K","Right",1,3,2,"Medium/ Medium","Lean","CM","5'9","137lbs",62,78,69,86,"€388K"
15519,18,"Mexico",59,75,"Club León","€290K","€2K","Left",1,3,2,"Medium/ High","Lean","LB","5'9","139lbs",45,67,65,61,"€674K"
4544,35,"Italy",71,71,"Brescia","€550K","€2K","Right",2,3,2,"Medium/ Medium","Lean","LCB","6'1","170lbs",72,39,39,38,"€853K"
7313,22,"Colombia",68,79,"Atlético Nacional","€1.5M","€2K","Right",1,3,3,"Medium/ Medium","Normal","RM","5'11","170lbs",70,80,78,77,"€2.4M"
3220,25,"Croatia",72,75,"Sporting Lokeren","€3.3M","€10K","Right",1,4,2,"High/ Medium","Lean","RCB","6'3","187lbs",73,67,55,55,"€5.2M"
14530,27,"Norway",61,61,"Kristiansund BK","€260K","€1K","Right",1,3,2,"High/ High","Normal","RM","5'11","181lbs",58,69,69,66,"€325K"
13312,24,"Colombia",62,69,"Rionegro Águilas","€375K","€1K","Right",1,3,2,"Medium/ High","Stocky","CB","6'0","170lbs",61,66,63,58,"€581K"
11947,30,"China PR",64,64,"Beijing Renhe FC","€425K","€4K","Right",1,4,3,"High/ Low","Lean","RW","5'11","150lbs",36,74,74,69,"€914K"
13460,23,"England",62,70,"AFC Wimbledon","€325K","€2K","Right",1,3,1,"Medium/ Medium","Normal","GK","6'1","176lbs",18,40,44,39,
16036,22,"England",58,62,"Burton Albion","€170K","€1K","Right",1,3,3,"Medium/ Medium","Lean","RM","6'0","154lbs",37,82,78,77,"€310K"
9731,29,"Poland",66,66,"Zagłębie Lubin","€500K","€2K","Right",1,4,3,"Medium/ Medium","Lean","RDM","6'0","161lbs",66,64,61,70,"€675K"
12826,22,"France",63,69,"FC Nantes","€375K","€3K","Right",1,2,1,"Medium/ Medium","Normal","GK","6'4","187lbs",20,47,45,39,"€788K"
595,23,"Colombia",79,84,"Bournemouth","€14.5M","€55K","Right",1,4,3,"Medium/ High","Lean","RCM","5'10","154lbs",65,74,76,75,"€28.6M"
3915,32,"Scotland",72,72,"Blackburn Rovers","€1.8M","€27K","Left",1,3,2,"Low/ Medium","Normal","CB","6'3","183lbs",73,53,51,63,"€3.4M"
17742,28,"China PR",52,52,"Changchun Yatai FC","€40K","€2K","Right",1,3,2,"Medium/ High","Normal","RB","6'0","165lbs",49,60,61,54,"€86K"
393,31,"Italy",81,81,"Inter","€15.5M","€74K","Right",3,4,4,"Medium/ Medium","Normal","RM","5'11","154lbs",55,77,78,74,"€26.4M"
5977,30,"Algeria",69,69,"KV Kortrijk","€1M","€8K","Left",1,3,3,"High/ Low","Lean","LW","5'9","154lbs",49,88,90,84,"€1.5M"
5208,28,"Brazil",70,70,"Al Wehda","€1.4M","€13K","Right",1,2,2,"Medium/ Medium","Normal","LCB","6'1","172lbs",69,64,54,44,"€2.4M"
17974,19,"Republic of Ireland",51,65,"Bray Wanderers","€70K","€1K","Left",1,2,2,"Medium/ Medium","Lean","LB","6'0","176lbs",51,67,69,57,"€152K"
357,27,"Italy",81,82,"Torino","€21M","€48K","Left",2,3,4,"High/ High","Normal","RS","6'1","185lbs",79,79,79,76,
14956,21,"Korea Republic",60,70,"Jeonnam Dragons","€350K","€1K","Right",1,3,2,"High/ Medium","Normal","ST","6'1","172lbs",53,80,81,73,"€508K"
8906,26,"Spain",66,69,"CF Reus Deportiu","€650K","€3K","Right",1,3,3,"High/ Medium","Normal","RB","5'7","154lbs",59,72,72,73,"€1.1M"
7285,23,"Wales",68,75,"Bristol Rovers","€1.1M","€4K","Right",1,4,2,"Medium/ High","Normal","RCB","5'11","159lbs",70,73,63,70,"€2.1M"
15011,23,"South Africa",60,69,"Kaizer Chiefs","€240K","€1K","Right",1,3,1,"Medium/ Medium","Lean","GK","6'1","161lbs",15,31,35,41,"€576K"
502,30,"Spain",80,80,"Athletic Club de Bilbao","€14M","€33K","Right",2,3,4,"High/ Medium","Lean","RW","5'10","150lbs",52,78,71,81,"€29.4M"
9612,24,"Iceland",66,69,"IK Start","€825K","€2K","Right",1,3,3,"High/ Medium","Lean","LW","5'10","154lbs",43,81,79,76,"€1.1M"
9017,29,"Korea Republic",66,66,"Suwon Samsung Bluewings","€650K","€3K","Left",1,3,2,"High/ Low","Normal","ST","6'3","183lbs",68,55,63,57,"€813K"
15757,25,"Brazil",59,62,"Zagłębie Sosnowiec","€200K","€1K","Left",1,3,2,"Medium/ Medium","Lean","LM","5'9","157lbs",43,57,65,52,"€214K"
2319,25,"Portugal",74,78,"Sporting CP","€6M","€10K","Right",1,3,3,"High/ Medium","Lean","RB","5'11","152lbs",60,79,85,84,"€12.5M"
11598,19,"Italy",64,74,"PEC Zwolle","€725K","€6K","Right",1,3,3,"Medium/ Medium","Normal","ST","6'5","176lbs",69,54,54,58,
2781,34,"Chile",73,73,"CD Universidad de Concepción","€1.9M","€5K","Right",1,4,3,"Medium/ Medium","Normal","LCM","5'6","159lbs",57,63,66,60,"€2.7M"
7874,24,"Poland",67,73,"Lechia Gdańsk","€1M","€3K","Right",1,3,3,"Medium/ Medium","Lean","LCM","6'1","174lbs",56,71,64,72,"€1.6M"
690,32,"Greece",79,79,"Napoli","€7M","€48K","Right",2,3,1,"Medium/ Medium","Normal","GK","6'3","179lbs",24,44,34,45,"€11.9M"
352,23,"France",81,86,"Manchester City","€20M","€105K","Left",2,3,3,"High/ Low","Normal","LB","6'1","187lbs",65,77,86,68,"€38.5M"
5820,24,"Serbia",69,75,"Sparta Praha","€1.2M","€1K","Right",1,2,2,"Low/ High","Lean","LCB","6'4","196lbs",72,51,53,54,"€2.9M"
8470,30,"England",67,67,"Bolton Wanderers","€725K","€4K","Left",1,2,3,"High/ Low","Lean","RM","5'10","152lbs",52,82,74,84,"€1.4M"
2350,23,"Poland",74,80,"Genoa","€8M","€15K","Right",1,2,3,"Medium/ Medium","Normal","ST","6'0","170lbs",73,76,75,72,"€15.2M"
7221,38,"Japan",68,68,"Kashima Antlers","€60K","€3K","Right",1,3,1,"Medium/ Medium","Normal","GK","6'2","176lbs",18,17,19,28,"€78K"
13634,23,"Poland",62,70,"Arka Gdynia","€450K","€1K","Right",1,2,2,"Medium/ Medium","Stocky","LDM","5'7","163lbs",59,68,68,64,"€698K"
4431,30,"Germany",71,71,"KFC Uerdingen 05","€2.2M","€6K","Right",2,4,3,"Medium/ Medium","Normal","ST","6'0","161lbs",74,72,77,74,"€3.2M"
17020,20,"England",55,65,"Blackburn Rovers","€140K","€4K","Right",1,3,2,"Medium/ Medium","Lean","CM","5'10","163lbs",45,66,62,58,"€294K"
13665,22,"Mauritania",62,70,"Red Star FC","€375K","€1K","Left",1,3,2,"High/ Medium","Stocky","LB","5'7","165lbs",54,73,70,60,"€731K"
261,27,"Senegal",82,82,"FC Schalke 04","€18.5M","€41K","Right",2,3,3,"Medium/ High","Lean","CB","6'5","187lbs",88,62,62,60,"€31.5M"
8873,22,"Chile",66,74,"Audax Italiano","€825K","€1K","Left",1,3,2,"Medium/ Medium","Normal","CDM","5'9","172lbs",58,65,57,62,
11517,22,"Argentina",64,75,"Club Atlético Banfield","€775K","€3K","Right",1,3,3,"High/ High","Stocky","RM","5'4","146lbs",57,70,76,89,"€1.3M"
88,27,"Greece",85,87,"Roma","€37.5M","€96K","Right",3,2,2,"Low/ High","Normal","LCB","6'2","183lbs",80,80,85,68,"€66.6M"
8415,35,"Chile",67,67,"Curicó Unido","€325K","€1K","Left",1,3,3,"Medium/ Low","Lean","CAM","5'8","154lbs",32,61,48,59,"€439K"
15230,20,"Ivory Coast",60,72,"1. FC Kaiserslautern","€375K","€1K","Right",1,3,2,"High/ Low","Normal","LW","5'11","172lbs",38,83,80,79,"€619K"
1799,26,"Brazil",75,75,"Fluminense","€7.5M","€29K","Right",1,3,3,"Medium/ Medium","Normal","RS","6'2","179lbs",72,59,77,63,"€14.3M"
11394,24,"Japan",64,69,"Kashiwa Reysol","€625K","€3K","Right",1,3,2,"High/ Medium","Lean","RS","5'7","148lbs",50,87,84,76,"€828K"
14705,24,"India",60,65,,"€0","€0","Left",1,2,2,"Medium/ Medium","Normal","LB","5'9","150lbs",54,76,73,79,
4538,22,"Argentina",71,78,"Godoy Cruz","€2.8M","€8K","Right",1,2,3,"Medium/ Medium","Lean","RCM","5'11","152lbs",54,70,72,69,"€4.7M"
11504,33,"Denmark",64,64,"Hobro IK","€270K","€3K","Right",1,3,3,"High/ Medium","Lean","CM","6'1","172lbs",58,67,67,69,"€338K"
5617,24,"Sweden",70,74,"Djurgårdens IF","€2M","€3K","Right",1,3,2,"Medium/ High","Normal","RB","5'11","163lbs",66,65,68,64,"€2.6M"
6485,25,"Austria",69,76,"Heart of Midlothian","€1.2M","€4K","Right",1,3,2,"Medium/ High","Normal","LCM","6'2","187lbs",70,67,63,65,"€2.4M"
1145,27,"Spain",77,78,"Girona FC","€8.5M","€27K","Right",1,3,2,"Low/ High","Normal","LCB","6'3","187lbs",81,41,63,32,"€18.5M"
9879,22,"Italy",66,77,"Spezia","€950K","€1K","Right",1,3,3,"Medium/ Medium","Lean","RB","6'0","165lbs",62,68,73,61,"€1.7M"
4657,29,"Spain",71,71,"Albacete BP","€1.8M","€6K","Right",1,3,2,"Medium/ Medium","Normal","RCB","5'11","168lbs",48,68,78,66,"€2.9M"
4919,30,"Belgium",70,70,"Standard de Liège","€1.3M","€8K","Left",1,3,3,"High/ Medium","Normal","LB","6'0","179lbs",63,69,69,67,"€1.9M"
5774,37,"Italy",69,69,"Empoli","€325K","€5K","Right",2,3,3,"Medium/ High","Normal","CM","5'10","170lbs",68,51,52,56,"€585K"
13369,24,"Scotland",62,67,"Derry City","€350K","€1K","Left",1,2,2,"Medium/ Medium","Lean","LB","5'11","161lbs",51,75,72,70,"€569K"
4316,33,"Spain",71,71,"CD Tenerife","€1.4M","€7K","Right",1,3,4,"High/ High","Stocky","RM","5'8","137lbs",50,84,84,87,"€2.3M"
4549,25,"Spain",71,74,"Rayo Vallecano","€3M","€15K","Right",1,3,3,"Medium/ Medium","Normal","ST","6'2","181lbs",71,48,54,65,
1743,23,"France",75,80,"Tottenham Hotspur","€9M","€58K","Right",1,4,3,"High/ Low","Lean","LM","5'9","161lbs",49,89,88,86,"€17.3M"
14605,27,"Korea Republic",61,61,"Gyeongnam FC","€210K","€1K","Right",1,3,2,"Medium/ Medium","Lean","RCB","6'1","168lbs",64,73,69,60,"€263K"
15196,27,"Bulgaria",60,61,,"€0","€0","Right",1,3,2,"Medium/ High","Normal","CDM","5'11","165lbs",62,57,56,57,
8770,24,"England",66,70,"Birmingham City","€850K","€12K","Left",1,5,2,"High/ Low","Normal","ST","6'3","176lbs",63,67,65,63,
4218,21,"Portugal",71,79,"Royal Antwerp FC","€3M","€6K","Right",1,3,4,"Medium/ Medium","Normal","RB","5'8","159lbs",43,90,86,79,"€5.1M"
14903,19,"France",60,77,"Stade Rennais FC","€450K","€2K","Left",1,3,2,"Medium/ Medium","Normal","CAM","5'7","159lbs",58,60,61,81,"€1.1M"
14383,25,"Malta",61,63,"Crawley Town","€300K","€2K","Left",1,3,3,"Medium/ Medium","Normal","LM","5'6","154lbs",38,70,71,72,
13181,25,"Denmark",62,64,"Sarpsborg 08 FF","€375K","€1K","Right",1,3,2,"Medium/ Medium","Normal","ST","5'11","161lbs",52,79,75,66,"€497K"
14536,26,"Saudi Arabia",61,61,"Al Batin","€270K","€4K","Right",1,3,3,"High/ Medium","Normal","RM","5'9","148lbs",53,77,76,66,
15327,21,"Republic of Ireland",59,70,"St. Patrick's Athletic","€270K","€1K","Right",1,4,3,"High/ Medium","Lean","CAM","5'7","143lbs",39,74,74,85,"€473K"
10741,25,"Mexico",65,68,"Puebla FC","€675K","€2K","Right",1,3,2,"Medium/ High","Normal","CM","5'9","154lbs",56,67,67,63,"€1.2M"
15449,22,"England",59,67,"Northampton Town","€230K","€2K","Right",1,4,2,"High/ Medium","Lean","LM","5'10","161lbs",35,73,72,74,"€449K"
10443,24,"France",65,71,"Red Star FC","€750K","€2K","Right",1,3,3,"High/ Medium","Normal","ST","6'0","168lbs",59,73,74,64,"€1.5M"
6434,24,"Germany",69,72,"FC Ingolstadt 04","€1.1M","€10K","Right",1,3,2,"Medium/ High","Normal","CDM","5'10","165lbs",57,70,68,72,"€1.9M"
9200,29,"Italy",66,66,"Foggia","€500K","€1K","Right",1,3,2,"Low/ High","Lean","LCB","6'1","161lbs",60,49,54,57,"€800K"
17838,20,"England",52,69,"Blackpool","€90K","€1K","Right",1,2,1,"Medium/ Medium","Lean","GK","5'11","163lbs",16,44,43,33,"€214K"
2845,23,"DR Congo",73,81,"VfB Stuttgart","€6M","€25K","Right",1,3,4,"High/ Medium","Normal","RW","5'8","159lbs",37,83,78,88,"€11.4M"
14966,19,"Belgium",60,72,"Willem II","€350K","€1K","Right",1,3,3,"Medium/ Medium","Normal","CAM","5'11","154lbs",48,62,65,47,"€578K"
9344,21,"England",66,75,"Birmingham City","€850K","€5K","Right",1,3,2,"Medium/ Medium","Normal","RB","5'11","174lbs",63,71,78,50,"€1.8M"
12128,29,"Scotland",63,63,"St. Mirren","€350K","€2K","Right",1,3,3,"Medium/ Medium","Lean","LCM","5'9","132lbs",42,68,65,78,"€613K"
14863,35,"England",60,60,"Port Vale","€50K","€2K","Right",1,3,2,"Low/ Medium","Stocky","CDM","5'11","187lbs",62,31,33,55,"€88K"
16637,25,"England",57,60,"Blackpool","€130K","€1K","Left",1,3,2,"Medium/ Medium","Lean","LM","6'0","174lbs",38,69,71,56,"€237K"
11628,18,"France",64,77,"OGC Nice","€800K","€4K","Right",1,3,3,"High/ Medium","Lean","RW","5'11","170lbs",49,67,68,69,"€2M"
9713,21,"Scotland",66,77,"Celtic","€1.1M","€10K","Right",1,4,3,"Medium/ Medium","Normal","LM","5'10","165lbs",41,87,85,84,"€2.2M"
17001,21,"Scotland",56,63,"Grimsby Town","€130K","€2K","Right",1,2,2,"Medium/ Medium","Normal","ST","6'2","159lbs",54,70,71,59,"€254K"
10950,20,"Senegal",65,76,"Djurgårdens IF","€950K","€2K","Right",1,3,3,"Medium/ Low","Lean","ST","6'2","165lbs",72,80,89,65,"€1.4M"
13744,27,"England",62,62,"Macclesfield Town","€260K","€2K","Right",1,3,2,"Medium/ Medium","Normal","CB","6'2","168lbs",65,63,55,61,"€455K"
16001,23,"Algeria",58,66,"Yeovil Town","€160K","€1K","Right",1,3,2,"Low/ Medium","Normal","CB","6'1","168lbs",53,53,54,48,"€312K"
4086,34,"Brazil",71,71,"Cruzeiro","€675K","€16K","Left",1,2,2,"High/ Medium","Lean","LB","5'10","152lbs",58,74,81,62,"€1.3M"
9262,26,"Brazil",66,66,"Paraná","€700K","€7K","Right",1,3,3,"Medium/ Medium","Normal","ST","5'9","159lbs",60,85,87,86,"€1.3M"
11216,37,"Austria",64,64,"SCR Altach","€160K","€3K","Right",1,3,2,"High/ Medium","Normal","ST","6'1","179lbs",69,38,34,60,"€232K"
4484,29,"Scotland",71,71,"Sheffield United","€2.3M","€10K","Right",1,3,3,"Medium/ Medium","Normal","CM","6'0","165lbs",51,62,64,74,"€4.3M"
4126,23,"Portugal",71,76,"Rio Ave FC","€3.2M","€6K","Left",1,3,4,"High/ Medium","Normal","LW","5'10","161lbs",57,82,75,77,"€6.9M"
9933,32,"Uruguay",65,65,"San Martin de Tucumán","€400K","€3K","Right",1,4,3,"Medium/ Medium","Lean","RM","6'1","159lbs",68,66,67,66,"€580K"
2168,27,"France",74,74,"En Avant de Guingamp","€6M","€20K","Right",1,4,3,"High/ Medium","Lean","LM","5'7","143lbs",63,78,77,82,"€12M"
14167,22,"Germany",61,69,"SC Preußen Münster","€375K","€1K","Left",1,3,3,"Medium/ Medium","Normal","LM","5'9","141lbs",45,91,85,85,"€619K"
11074,26,"Senegal",64,68,"Royal Antwerp FC","€475K","€3K","Right",1,4,2,"High/ High","Stocky","CB","6'4","209lbs",62,64,72,55,"€748K"
2964,24,"Venezuela",73,78,"Málaga CF","€5.5M","€8K","Left",1,3,3,"Medium/ Medium","Lean","RM","5'9","148lbs",52,67,69,75,"€9.2M"
7620,18,"England",68,84,"Wigan Athletic","€1.6M","€8K","Right",1,3,3,"Medium/ Medium","Stocky","RB","5'11","181lbs",58,76,76,65,"€4.2M"
6077,27,"Germany",69,70,"SV Darmstadt 98","€1M","€9K","Right",1,4,2,"Medium/ Medium","Normal","CDM","6'1","179lbs",68,68,69,67,"€1.7M"
11744,27,"Scotland",64,64,"Plymouth Argyle","€475K","€3K","Left",1,3,3,"Medium/ Medium","Lean","LM","5'9","159lbs",60,92,86,90,"€831K"
4604,34,"Brazil",71,71,"Atlético Paranaense","€675K","€9K","Right",1,3,2,"Medium/ Medium","Lean","RB","5'9","157lbs",69,63,71,77,"€1.3M"
4901,21,"Scotland",70,82,"Heart of Midlothian","€2.8M","€4K","Right",1,3,2,"Medium/ Medium","Normal","CB","6'2","165lbs",68,74,77,74,"€5.5M"
12947,23,"Germany",63,68,"VfL Sportfreunde Lotte","€425K","€1K","Right",1,3,2,"Medium/ Medium","Normal","CDM","6'1","172lbs",52,53,55,68,"€648K"
635,26,"Algeria",79,82,"Real Betis","€13M","€26K","Right",1,3,2,"High/ Medium","Lean","RCB","6'0","172lbs",84,65,66,77,"€28.3M"
14723,20,"Japan",60,72,"Gyeongnam FC","€375K","€1K","Left",1,3,3,"Medium/ Medium","Normal","ST","5'9","168lbs",46,82,76,69,"€544K"
4501,25,"Greece",71,73,"Olympiacos CFP","€2.8M","€1K","Left",1,4,3,"Medium/ Medium","Normal","CM","6'2","185lbs",63,60,65,66,"€6.5M"
11430,24,"France",64,70,"Oldham Athletic","€525K","€3K","Right",1,2,2,"Medium/ High","Lean","CDM","6'4","176lbs",61,73,63,69,"€1M"
187,26,"Portugal",83,86,"FC Porto","€27M","€21K","Right",3,3,3,"Medium/ High","Normal","CDM","6'2","183lbs",78,63,68,58,"€56M"
7138,33,"Northern Ireland",68,68,"Norwich City","€450K","€8K","Right",1,3,1,"Medium/ Medium","Normal","GK","6'3","196lbs",20,32,34,48,"€855K"
3750,25,"France",72,76,"Brentford","€3.4M","€26K","Right",1,3,2,"Medium/ Medium","Normal","CB","6'1","185lbs",73,68,70,68,"€6.7M"
6464,27,"Turkey",69,71,"Sivasspor","€850K","€5K","Right",1,2,1,"Medium/ Medium","Stocky","GK","6'2","176lbs",21,47,44,31,"€1.8M"
4442,26,"Spain",71,71,"Empoli","€2.6M","€12K","Right",1,2,3,"High/ Medium","Lean","ST","6'0","176lbs",73,77,78,80,
4476,21,"Ivory Coast",71,81,"Sassuolo","€3.8M","€21K","Right",1,3,3,"High/ Low","Normal","LM","5'9","159lbs",59,79,79,81,"€7.3M"
10210,35,"Colombia",65,65,"Independiente Santa Fe","€130K","€1K","Right",1,2,1,"Medium/ Medium","Normal","GK","6'1","183lbs",13,26,40,29,"€182K"
1485,33,"Argentina",76,76,"West Ham United","€3M","€60K","Right",3,3,3,"Medium/ High","Normal","RB","5'10","163lbs",74,50,51,66,"€5.6M"
3832,28,"France",72,73,"Montpellier HSC","€2.8M","€17K","Right",1,4,2,"Medium/ High","Lean","LCM","6'2","176lbs",74,68,69,65,"€5.9M"
2104,30,"Ukraine",74,74,"PAOK","€4.2M","€1K","Right",1,3,2,"Low/ Medium","Lean","CB","6'6","181lbs",77,50,55,40,"€8.8M"
4412,22,"France",71,79,"1. FC Köln","€3.5M","€13K","Right",1,3,3,"Medium/ Low","Normal","ST","6'2","181lbs",69,71,74,68,"€6M"
6187,28,"Serbia",69,69,"SD Huesca","€825K","€10K","Left",1,2,2,"High/ Medium","Normal","LB","5'9","157lbs",57,73,77,58,"€1.8M"
17623,21,"Germany",53,62,"SC Paderborn 07","€90K","€2K","Right",1,3,2,"Medium/ Low","Normal","ST","6'3","187lbs",65,53,53,48,"€158K"
5514,34,"Brazil",70,70,"Internacional","€500K","€13K","Right",1,3,2,"Medium/ Medium","Normal","RB","6'1","179lbs",62,77,78,61,"€950K"
16816,17,"Switzerland",56,80,"FC Zürich","€180K","€1K","Left",1,4,2,"Medium/ Medium","Stocky","CB","6'0","174lbs",54,69,68,50,"€441K"
1437,32,"Argentina",76,76,"RC Celta","€4.4M","€21K","Right",2,3,2,"Medium/ Medium","Normal","CB","6'0","179lbs",79,38,36,59,"€9.3M"
10687,30,"Poland",65,65,"Lechia Gdańsk","€400K","€2K","Right",1,3,2,"Medium/ High","Stocky","LCB","6'3","187lbs",67,50,50,60,"€540K"
14911,22,"France",60,70,"Stade Rennais FC","€290K","€3K","Left",1,2,2,"High/ Medium","Lean","LB","5'10","159lbs",39,73,76,74,"€609K"
12041,20,"Colombia",64,74,"Santos Laguna","€725K","€4K","Right",1,2,3,"Medium/ Medium","Normal","RW","5'7","163lbs",42,75,69,69,"€1.4M"
2017,29,"DR Congo",75,75,"Aston Villa","€6.5M","€76K","Right",2,4,5,"High/ High","Lean","LM","6'2","185lbs",51,79,84,79,
4662,28,"Curacao",71,71,"Stoke City","€1.9M","€46K","Right",1,3,2,"High/ Medium","Lean","RB","6'1","170lbs",66,62,65,67,
2814,27,"Czech Republic",73,74,"SK Slavia Praha","€3.7M","€1K","Right",1,4,3,"High/ High","Stocky","LB","5'9","165lbs",68,76,74,72,"€8.4M"
3927,33,"Colombia",72,72,"Once Caldas","€1.3M","€3K","Right",1,3,2,"Medium/ High","Normal","RCB","6'2","185lbs",75,42,44,40,"€1.7M"
1231,20,"Brazil",76,86,"Sporting CP","€12.5M","€10K","Right",1,3,3,"High/ Medium","Normal","RCM","5'11","146lbs",57,76,80,78,"€27.5M"
6152,30,"Scotland",69,69,"Derby County","€1M","€21K","Right",1,4,3,"Medium/ Medium","Normal","RW","5'6","159lbs",50,86,85,90,"€1.9M"
7183,35,"Austria",68,68,"LASK Linz","€210K","€3K","Left",2,2,2,"Medium/ Medium","Lean","CB","6'3","198lbs",65,33,32,32,"€305K"
18200,18,"Scotland",47,62,"Swindon Town","€60K","€1K","Left",1,2,2,"Medium/ Medium","Lean","ST","5'9","157lbs",47,65,48,64,"€143K"
4710,28,"Italy",71,72,"Empoli","€1.9M","€8K","Right",1,2,1,"Medium/ Medium","Lean","GK","6'4","172lbs",15,40,42,41,"€3.6M"
8885,23,"Denmark",66,71,"IF Elfsborg","€725K","€2K","Right",1,3,2,"Medium/ High","Normal","RB","5'9","157lbs",56,81,79,71,"€961K"
18160,18,"Poland",48,63,"Morecambe","€50K","€1K","Right",1,2,1,"Medium/ Medium","Lean","GK","6'4","176lbs",10,16,23,39,"€119K"
16904,19,"England",56,68,"Forest Green Rovers","€160K","€1K","Right",1,3,2,"Medium/ Medium","Lean","ST","5'5","137lbs",54,74,72,75,"€312K"
9210,31,"Algeria",66,66,"Al Raed","€400K","€5K","Right",1,2,1,"Medium/ Medium","Lean","GK","6'1","187lbs",14,35,41,30,"€660K"
16686,18,"Sweden",56,70,"AIK","€190K","€1K","Right",1,2,2,"Medium/ Medium","Normal","ST","6'0","185lbs",54,66,72,73,"€366K"
7625,32,"Italy",68,68,"Padova","€525K","€2K","Right",1,3,2,"Low/ Medium","Normal","CB","6'1","185lbs",65,33,36,34,"€814K"
1337,29,"Argentina",76,76,"Deportivo Toluca","€6M","€23K","Left",2,3,2,"High/ Medium","Lean","LB","6'3","176lbs",78,34,70,54,"€10.2M"
13822,18,"Guinea Bissau",62,74,"Vitória de Setúbal","€450K","€1K","Right",1,2,2,"Medium/ Medium","Normal","CB","6'2","154lbs",65,49,54,44,"€1M"
1631,20,"France",75,81,"Olympique de Marseille","€9M","€29K","Right",1,3,3,"Medium/ Medium","Lean","CM","5'6","128lbs",59,77,66,85,"€18.9M"
14500,24,"Madagascar",61,65,"Royal Antwerp FC","€325K","€2K","Right",1,3,3,"Medium/ Medium","Lean","CAM","5'10","165lbs",37,82,77,83,"€512K"
15004,21,"Germany",60,69,"SpVgg Unterhaching","€325K","€1K","Right",1,3,3,"Medium/ Medium","Normal","RW","5'7","143lbs",33,77,74,87,"€536K"
3469,23,"Argentina",72,78,"San Lorenzo de Almagro","€4.3M","€13K","Left",1,2,3,"Medium/ Medium","Lean","LM","6'0","157lbs",66,75,73,80,"€7.2M"
15131,18,"Ivory Coast",60,79,"Paris FC","€375K","€1K","Right",1,3,2,"Medium/ Medium","Normal","CB","6'0","187lbs",56,53,52,48,"€891K"
5010,29,"Korea Republic",70,70,"Jeonbuk Hyundai Motors","€1.4M","€7K","Right",1,3,2,"Low/ Medium","Normal","CB","6'2","165lbs",72,42,59,67,"€1.8M"
11815,22,"Argentina",64,72,"Newell's Old Boys","€575K","€3K","Left",1,3,2,"Medium/ Medium","Normal","LB","5'7","150lbs",46,71,72,65,"€978K"
11623,30,"Korea Republic",64,64,"Vegalta Sendai","€325K","€1K","Right",1,3,2,"Medium/ Medium","Normal","CB","6'0","163lbs",64,42,51,43,"€406K"
8851,25,"Norway",66,71,"Tromsø IL","€725K","€2K","Right",1,3,2,"Medium/ Medium","Normal","RCB","6'1","176lbs",61,64,54,61,"€961K"
4124,27,"France",71,71,"BB Erzurumspor","€2.5M","€11K","Left",1,3,3,"Medium/ Medium","Stocky","ST","5'11","183lbs",62,67,74,76,"€4.8M"
14190,23,"Greece",61,65,"FSV Zwickau","€270K","€1K","Left",1,3,3,"High/ Medium","Lean","LB","5'10","146lbs",49,77,75,81,"€412K"
11911,24,"England",64,69,"Ipswich Town","€625K","€2K","Left",1,3,3,"Medium/ Medium","Lean","ST","5'11","157lbs",52,79,79,74,"€1.2M"
17511,18,"Scotland",54,73,"Livingston FC","€140K","€1K","Right",1,2,2,"Medium/ Medium","Lean","ST","6'0","176lbs",53,69,69,53,"€428K"
12046,22,"Japan",64,69,"Kashiwa Reysol","€500K","€2K","Left",1,3,2,"Medium/ Medium","Lean","CDM","5'9","146lbs",46,75,71,63,"€663K"
7959,23,"France",67,75,"Racing Club de Lens","€850K","€2K","Right",1,2,1,"Medium/ Medium","Normal","GK","6'0","172lbs",17,42,45,39,"€1.7M"
2194,20,"Belgium",74,82,"RSC Anderlecht","€8.5M","€29K","Right",1,3,3,"High/ Medium","Normal","ST","6'0","183lbs",72,79,81,69,
6140,30,"Italy",69,69,"US Cremonese","€750K","€2K","Left",1,3,2,"High/ High","Normal","LB","5'8","157lbs",52,77,82,79,"€1.2M"
2535,22,"Nigeria",74,84,"Stoke City","€8M","€29K","Right",1,4,3,"High/ High","Normal","RCM","5'9","154lbs",69,83,78,85,"€16.8M"
6436,24,"Bosnia Herzegovina",69,72,"SG Dynamo Dresden","€1.3M","€9K","Right",1,3,3,"Medium/ Medium","Normal","LW","6'1","181lbs",57,71,77,73,"€2.2M"
16122,23,"Republic of Ireland",58,65,"St. Patrick's Athletic","€150K","€1K","Left",1,3,2,"Low/ High","Lean","LCB","6'0","165lbs",58,51,56,61,"€263K"
7749,34,"Korea Republic",67,67,"Gangwon FC","€375K","€3K","Left",2,2,3,"High/ Low","Normal","CAM","5'10","154lbs",52,72,73,71,"€469K"
2808,33,"Paraguay",73,73,"Sampdoria","€2.3M","€26K","Right",2,4,3,"Medium/ High","Normal","CM","5'11","174lbs",60,66,66,66,"€4M"
8543,25,"Germany",67,70,"1. FC Heidenheim 1846","€950K","€5K","Left",1,3,2,"Medium/ Medium","Lean","CAM","5'11","168lbs",56,67,68,74,"€1.5M"
10704,22,"Algeria",65,76,"FC Sochaux-Montbéliard","€900K","€2K","Right",1,2,3,"Medium/ Medium","Lean","RCM","5'11","154lbs",53,73,74,79,"€1.8M"
8609,21,"Spain",67,75,"CD Leganés","€975K","€6K","Right",1,3,2,"Medium/ Medium","Stocky","CB","6'0","176lbs",64,69,71,62,"€2.2M"
13157,18,"Spain",62,78,"Córdoba CF","€625K","€1K","Right",1,3,3,"Medium/ Medium","Normal","ST","5'9","159lbs",59,66,64,60,"€1.4M"
17662,21,"Korea Republic",53,64,"Incheon United FC","€100K","€1K","Right",1,3,2,"Medium/ Medium","Normal","CM","5'9","161lbs",43,62,58,53,"€145K"
12669,21,"Turkey",63,74,"Bursaspor","€500K","€2K","Right",1,3,1,"Medium/ Medium","Lean","GK","6'2","172lbs",13,34,36,42,"€1.1M"
11638,23,"England",64,69,"Oxford United","€425K","€5K","Right",1,2,1,"Medium/ Medium","Stocky","GK","6'0","190lbs",20,64,40,60,
4713,29,"Brazil",71,71,"Çaykur Rizespor","€2.3M","€10K","Right",1,4,3,"Medium/ Medium","Normal","CAM","5'11","165lbs",60,70,65,67,
16169,22,"Saudi Arabia",58,67,"Al Fayha","€170K","€2K","Left",1,3,2,"Medium/ Medium","Lean","LWB","5'10","154lbs",38,75,73,60,"€315K"
5188,26,"Germany",70,71,"SV Darmstadt 98","€2.1M","€12K","Right",1,3,3,"Medium/ Medium","Normal","CAM","6'0","172lbs",71,72,68,70,"€3.6M"
3989,24,"Portugal",71,75,"Nottingham Forest","€2.6M","€23K","Right",1,2,2,"Medium/ Medium","Normal","RCB","6'2","185lbs",71,55,62,48,"€5.1M"
13515,25,"Scotland",62,65,"Livingston FC","€375K","€1K","Right",1,3,3,"High/ Medium","Normal","CM","5'9","159lbs",67,78,76,70,"€684K"
11843,22,"Colombia",64,75,"Deportes Tolima","€675K","€1K","Right",1,3,2,"Medium/ Medium","Normal","RB","5'11","154lbs",58,68,69,66,"€1.1M"
13722,26,"France",62,63,"Red Star FC","€290K","€1K","Left",1,3,2,"Medium/ Medium","Stocky","LB","6'0","187lbs",53,69,67,70,"€529K"
13166,26,"Slovenia",62,65,"Stabæk Fotball","€375K","€1K","Left",1,4,3,"Medium/ Medium","Normal","CAM","6'0","179lbs",41,71,61,57,"€497K"
12780,26,"Japan",63,66,"Shonan Bellmare","€375K","€2K","Left",1,2,2,"High/ High","Normal","RWB","5'9","161lbs",60,75,75,75,
8875,31,"Korea Republic",66,66,"FC Seoul","€550K","€3K","Right",1,3,2,"High/ Medium","Lean","CM","5'8","143lbs",48,81,86,86,"€688K"
15421,23,"Italy",59,70,"Spezia","€230K","€1K","Right",1,3,2,"Medium/ Medium","Normal","CB","6'2","181lbs",61,32,33,41,"€403K"
